Configuration,Run,Task_ID,Pass
FP16,1,Python-10,1
FP16,1,Python-11,1
FP16,1,Python-12,0
FP16,1,Python-13,0
FP16,1,Python-14,0
FP16,1,Python-15,0
FP16,1,Python-16,0
FP16,1,Python-17,0
FP16,1,Python-18,0
FP16,1,Python-19,0
FP16,1,Python-20,0
FP16,1,Python-21,0
FP16,1,Python-22,0
FP16,1,Python-24,0
FP16,1,Python-25,1
FP16,1,Python-26,0
FP16,1,Python-27,0
FP16,1,Python-28,1
FP16,1,Python-29,0
FP16,1,Python-31,0
FP16,1,Python-32,0
FP16,1,Python-33,0
FP16,1,Python-34,1
FP16,1,Python-35,1
FP16,1,Python-36,0
FP16,1,Python-37,1
FP16,1,Python-38,1
FP16,1,Python-39,0
FP16,1,Python-40,0
FP16,1,Python-41,1
FP16,1,Python-42,0
FP16,1,Python-43,0
FP16,1,Python-44,0
FP16,1,Python-45,1
FP16,1,Python-46,0
FP16,1,Python-47,1
FP16,1,Python-48,0
FP16,1,Python-49,1
FP16,1,Python-50,1
FP16,1,Python-7,0
FP16,1,Python-8,0
FP16,1,Python-9,0
FP16,2,Python-10,1
FP16,2,Python-11,1
FP16,2,Python-12,0
FP16,2,Python-13,0
FP16,2,Python-14,0
FP16,2,Python-15,0
FP16,2,Python-16,0
FP16,2,Python-17,0
FP16,2,Python-18,0
FP16,2,Python-19,0
FP16,2,Python-20,0
FP16,2,Python-21,0
FP16,2,Python-22,0
FP16,2,Python-24,0
FP16,2,Python-25,1
FP16,2,Python-26,0
FP16,2,Python-27,0
FP16,2,Python-28,1
FP16,2,Python-29,0
FP16,2,Python-31,0
FP16,2,Python-32,0
FP16,2,Python-33,0
FP16,2,Python-34,1
FP16,2,Python-35,1
FP16,2,Python-36,0
FP16,2,Python-37,1
FP16,2,Python-38,1
FP16,2,Python-39,0
FP16,2,Python-40,0
FP16,2,Python-41,1
FP16,2,Python-42,0
FP16,2,Python-43,0
FP16,2,Python-44,0
FP16,2,Python-45,1
FP16,2,Python-46,0
FP16,2,Python-47,1
FP16,2,Python-48,0
FP16,2,Python-49,1
FP16,2,Python-50,1
FP16,2,Python-7,0
FP16,2,Python-8,0
FP16,2,Python-9,0
FP16,3,Python-10,1
FP16,3,Python-11,1
FP16,3,Python-12,0
FP16,3,Python-13,0
FP16,3,Python-14,0
FP16,3,Python-15,0
FP16,3,Python-16,0
FP16,3,Python-17,0
FP16,3,Python-18,0
FP16,3,Python-19,0
FP16,3,Python-20,0
FP16,3,Python-21,0
FP16,3,Python-22,0
FP16,3,Python-24,0
FP16,3,Python-25,1
FP16,3,Python-26,0
FP16,3,Python-27,0
FP16,3,Python-28,1
FP16,3,Python-29,0
FP16,3,Python-31,0
FP16,3,Python-32,0
FP16,3,Python-33,0
FP16,3,Python-34,1
FP16,3,Python-35,1
FP16,3,Python-36,0
FP16,3,Python-37,1
FP16,3,Python-38,1
FP16,3,Python-39,0
FP16,3,Python-40,0
FP16,3,Python-41,1
FP16,3,Python-42,0
FP16,3,Python-43,0
FP16,3,Python-44,0
FP16,3,Python-45,1
FP16,3,Python-46,0
FP16,3,Python-47,1
FP16,3,Python-48,0
FP16,3,Python-49,1
FP16,3,Python-50,1
FP16,3,Python-7,0
FP16,3,Python-8,0
FP16,3,Python-9,0
FP16,4,Python-10,1
FP16,4,Python-11,1
FP16,4,Python-12,0
FP16,4,Python-13,0
FP16,4,Python-14,0
FP16,4,Python-15,0
FP16,4,Python-16,0
FP16,4,Python-17,0
FP16,4,Python-18,0
FP16,4,Python-19,0
FP16,4,Python-20,0
FP16,4,Python-21,0
FP16,4,Python-22,0
FP16,4,Python-24,0
FP16,4,Python-25,1
FP16,4,Python-26,0
FP16,4,Python-27,0
FP16,4,Python-28,1
FP16,4,Python-29,0
FP16,4,Python-31,0
FP16,4,Python-32,0
FP16,4,Python-33,0
FP16,4,Python-34,1
FP16,4,Python-35,1
FP16,4,Python-36,0
FP16,4,Python-37,1
FP16,4,Python-38,1
FP16,4,Python-39,0
FP16,4,Python-40,0
FP16,4,Python-41,1
FP16,4,Python-42,0
FP16,4,Python-43,0
FP16,4,Python-44,0
FP16,4,Python-45,1
FP16,4,Python-46,0
FP16,4,Python-47,1
FP16,4,Python-48,0
FP16,4,Python-49,1
FP16,4,Python-50,1
FP16,4,Python-7,0
FP16,4,Python-8,0
FP16,4,Python-9,0
FP16,5,Python-10,1
FP16,5,Python-11,1
FP16,5,Python-12,0
FP16,5,Python-13,0
FP16,5,Python-14,0
FP16,5,Python-15,0
FP16,5,Python-16,0
FP16,5,Python-17,0
FP16,5,Python-18,0
FP16,5,Python-19,0
FP16,5,Python-20,0
FP16,5,Python-21,0
FP16,5,Python-22,0
FP16,5,Python-24,0
FP16,5,Python-25,1
FP16,5,Python-26,0
FP16,5,Python-27,0
FP16,5,Python-28,1
FP16,5,Python-29,0
FP16,5,Python-31,0
FP16,5,Python-32,0
FP16,5,Python-33,0
FP16,5,Python-34,1
FP16,5,Python-35,1
FP16,5,Python-36,0
FP16,5,Python-37,1
FP16,5,Python-38,1
FP16,5,Python-39,0
FP16,5,Python-40,0
FP16,5,Python-41,1
FP16,5,Python-42,0
FP16,5,Python-43,0
FP16,5,Python-44,0
FP16,5,Python-45,1
FP16,5,Python-46,0
FP16,5,Python-47,1
FP16,5,Python-48,0
FP16,5,Python-49,1
FP16,5,Python-50,1
FP16,5,Python-7,0
FP16,5,Python-8,0
FP16,5,Python-9,0
FP16,6,Python-10,1
FP16,6,Python-11,1
FP16,6,Python-12,0
FP16,6,Python-13,0
FP16,6,Python-14,0
FP16,6,Python-15,0
FP16,6,Python-16,0
FP16,6,Python-17,0
FP16,6,Python-18,0
FP16,6,Python-19,0
FP16,6,Python-20,0
FP16,6,Python-21,0
FP16,6,Python-22,0
FP16,6,Python-24,0
FP16,6,Python-25,1
FP16,6,Python-26,0
FP16,6,Python-27,0
FP16,6,Python-28,1
FP16,6,Python-29,0
FP16,6,Python-31,0
FP16,6,Python-32,0
FP16,6,Python-33,0
FP16,6,Python-34,1
FP16,6,Python-35,1
FP16,6,Python-36,0
FP16,6,Python-37,1
FP16,6,Python-38,1
FP16,6,Python-39,0
FP16,6,Python-40,0
FP16,6,Python-41,1
FP16,6,Python-42,0
FP16,6,Python-43,0
FP16,6,Python-44,0
FP16,6,Python-45,1
FP16,6,Python-46,0
FP16,6,Python-47,1
FP16,6,Python-48,0
FP16,6,Python-49,1
FP16,6,Python-50,1
FP16,6,Python-7,0
FP16,6,Python-8,0
FP16,6,Python-9,0
FP16,7,Python-10,1
FP16,7,Python-11,1
FP16,7,Python-12,0
FP16,7,Python-13,0
FP16,7,Python-14,0
FP16,7,Python-15,0
FP16,7,Python-16,0
FP16,7,Python-17,0
FP16,7,Python-18,0
FP16,7,Python-19,0
FP16,7,Python-20,0
FP16,7,Python-21,0
FP16,7,Python-22,0
FP16,7,Python-24,0
FP16,7,Python-25,1
FP16,7,Python-26,0
FP16,7,Python-27,0
FP16,7,Python-28,1
FP16,7,Python-29,0
FP16,7,Python-31,0
FP16,7,Python-32,0
FP16,7,Python-33,0
FP16,7,Python-34,1
FP16,7,Python-35,1
FP16,7,Python-36,0
FP16,7,Python-37,1
FP16,7,Python-38,1
FP16,7,Python-39,0
FP16,7,Python-40,0
FP16,7,Python-41,1
FP16,7,Python-42,0
FP16,7,Python-43,0
FP16,7,Python-44,0
FP16,7,Python-45,1
FP16,7,Python-46,0
FP16,7,Python-47,1
FP16,7,Python-48,0
FP16,7,Python-49,1
FP16,7,Python-50,1
FP16,7,Python-7,0
FP16,7,Python-8,0
FP16,7,Python-9,0
FP16,8,Python-10,1
FP16,8,Python-11,1
FP16,8,Python-12,0
FP16,8,Python-13,0
FP16,8,Python-14,0
FP16,8,Python-15,0
FP16,8,Python-16,0
FP16,8,Python-17,0
FP16,8,Python-18,0
FP16,8,Python-19,0
FP16,8,Python-20,0
FP16,8,Python-21,0
FP16,8,Python-22,0
FP16,8,Python-24,0
FP16,8,Python-25,1
FP16,8,Python-26,0
FP16,8,Python-27,0
FP16,8,Python-28,1
FP16,8,Python-29,0
FP16,8,Python-31,0
FP16,8,Python-32,0
FP16,8,Python-33,0
FP16,8,Python-34,1
FP16,8,Python-35,1
FP16,8,Python-36,0
FP16,8,Python-37,1
FP16,8,Python-38,1
FP16,8,Python-39,0
FP16,8,Python-40,0
FP16,8,Python-41,1
FP16,8,Python-42,0
FP16,8,Python-43,0
FP16,8,Python-44,0
FP16,8,Python-45,1
FP16,8,Python-46,0
FP16,8,Python-47,1
FP16,8,Python-48,0
FP16,8,Python-49,1
FP16,8,Python-50,1
FP16,8,Python-7,0
FP16,8,Python-8,0
FP16,8,Python-9,0
FP16,9,Python-10,1
FP16,9,Python-11,1
FP16,9,Python-12,0
FP16,9,Python-13,0
FP16,9,Python-14,0
FP16,9,Python-15,0
FP16,9,Python-16,0
FP16,9,Python-17,0
FP16,9,Python-18,0
FP16,9,Python-19,0
FP16,9,Python-20,0
FP16,9,Python-21,0
FP16,9,Python-22,0
FP16,9,Python-24,0
FP16,9,Python-25,1
FP16,9,Python-26,0
FP16,9,Python-27,0
FP16,9,Python-28,1
FP16,9,Python-29,0
FP16,9,Python-31,0
FP16,9,Python-32,0
FP16,9,Python-33,0
FP16,9,Python-34,1
FP16,9,Python-35,1
FP16,9,Python-36,0
FP16,9,Python-37,1
FP16,9,Python-38,1
FP16,9,Python-39,0
FP16,9,Python-40,0
FP16,9,Python-41,1
FP16,9,Python-42,0
FP16,9,Python-43,0
FP16,9,Python-44,0
FP16,9,Python-45,1
FP16,9,Python-46,0
FP16,9,Python-47,1
FP16,9,Python-48,0
FP16,9,Python-49,1
FP16,9,Python-50,1
FP16,9,Python-7,0
FP16,9,Python-8,0
FP16,9,Python-9,0
FP16,10,Python-10,1
FP16,10,Python-11,1
FP16,10,Python-12,0
FP16,10,Python-13,0
FP16,10,Python-14,0
FP16,10,Python-15,0
FP16,10,Python-16,0
FP16,10,Python-17,0
FP16,10,Python-18,0
FP16,10,Python-19,0
FP16,10,Python-20,0
FP16,10,Python-21,0
FP16,10,Python-22,0
FP16,10,Python-24,0
FP16,10,Python-25,1
FP16,10,Python-26,0
FP16,10,Python-27,0
FP16,10,Python-28,1
FP16,10,Python-29,0
FP16,10,Python-31,0
FP16,10,Python-32,0
FP16,10,Python-33,0
FP16,10,Python-34,1
FP16,10,Python-35,1
FP16,10,Python-36,0
FP16,10,Python-37,1
FP16,10,Python-38,1
FP16,10,Python-39,0
FP16,10,Python-40,0
FP16,10,Python-41,1
FP16,10,Python-42,0
FP16,10,Python-43,0
FP16,10,Python-44,0
FP16,10,Python-45,1
FP16,10,Python-46,0
FP16,10,Python-47,1
FP16,10,Python-48,0
FP16,10,Python-49,1
FP16,10,Python-50,1
FP16,10,Python-7,0
FP16,10,Python-8,0
FP16,10,Python-9,0
AWQ,1,Python-10,1
AWQ,1,Python-11,0
AWQ,1,Python-12,0
AWQ,1,Python-13,0
AWQ,1,Python-14,0
AWQ,1,Python-15,0
AWQ,1,Python-16,0
AWQ,1,Python-17,0
AWQ,1,Python-18,0
AWQ,1,Python-19,0
AWQ,1,Python-20,0
AWQ,1,Python-21,0
AWQ,1,Python-22,0
AWQ,1,Python-24,0
AWQ,1,Python-25,0
AWQ,1,Python-26,0
AWQ,1,Python-27,0
AWQ,1,Python-28,1
AWQ,1,Python-29,0
AWQ,1,Python-31,0
AWQ,1,Python-32,0
AWQ,1,Python-33,0
AWQ,1,Python-34,1
AWQ,1,Python-35,0
AWQ,1,Python-36,0
AWQ,1,Python-37,1
AWQ,1,Python-38,1
AWQ,1,Python-39,0
AWQ,1,Python-40,0
AWQ,1,Python-41,1
AWQ,1,Python-42,0
AWQ,1,Python-43,1
AWQ,1,Python-44,0
AWQ,1,Python-45,1
AWQ,1,Python-46,0
AWQ,1,Python-47,1
AWQ,1,Python-48,0
AWQ,1,Python-49,1
AWQ,1,Python-50,0
AWQ,1,Python-7,0
AWQ,1,Python-8,0
AWQ,1,Python-9,0
AWQ,2,Python-10,1
AWQ,2,Python-11,0
AWQ,2,Python-12,0
AWQ,2,Python-13,0
AWQ,2,Python-14,0
AWQ,2,Python-15,0
AWQ,2,Python-16,0
AWQ,2,Python-17,0
AWQ,2,Python-18,0
AWQ,2,Python-19,0
AWQ,2,Python-20,0
AWQ,2,Python-21,0
AWQ,2,Python-22,0
AWQ,2,Python-24,0
AWQ,2,Python-25,0
AWQ,2,Python-26,0
AWQ,2,Python-27,0
AWQ,2,Python-28,1
AWQ,2,Python-29,0
AWQ,2,Python-31,0
AWQ,2,Python-32,0
AWQ,2,Python-33,0
AWQ,2,Python-34,1
AWQ,2,Python-35,0
AWQ,2,Python-36,0
AWQ,2,Python-37,1
AWQ,2,Python-38,1
AWQ,2,Python-39,0
AWQ,2,Python-40,0
AWQ,2,Python-41,1
AWQ,2,Python-42,0
AWQ,2,Python-43,1
AWQ,2,Python-44,0
AWQ,2,Python-45,1
AWQ,2,Python-46,0
AWQ,2,Python-47,1
AWQ,2,Python-48,0
AWQ,2,Python-49,1
AWQ,2,Python-50,0
AWQ,2,Python-7,0
AWQ,2,Python-8,0
AWQ,2,Python-9,0
AWQ,3,Python-10,1
AWQ,3,Python-11,0
AWQ,3,Python-12,0
AWQ,3,Python-13,0
AWQ,3,Python-14,0
AWQ,3,Python-15,0
AWQ,3,Python-16,0
AWQ,3,Python-17,0
AWQ,3,Python-18,0
AWQ,3,Python-19,0
AWQ,3,Python-20,0
AWQ,3,Python-21,0
AWQ,3,Python-22,0
AWQ,3,Python-24,0
AWQ,3,Python-25,0
AWQ,3,Python-26,0
AWQ,3,Python-27,0
AWQ,3,Python-28,1
AWQ,3,Python-29,0
AWQ,3,Python-31,0
AWQ,3,Python-32,0
AWQ,3,Python-33,0
AWQ,3,Python-34,1
AWQ,3,Python-35,0
AWQ,3,Python-36,0
AWQ,3,Python-37,1
AWQ,3,Python-38,1
AWQ,3,Python-39,0
AWQ,3,Python-40,0
AWQ,3,Python-41,1
AWQ,3,Python-42,0
AWQ,3,Python-43,1
AWQ,3,Python-44,0
AWQ,3,Python-45,1
AWQ,3,Python-46,0
AWQ,3,Python-47,1
AWQ,3,Python-48,0
AWQ,3,Python-49,1
AWQ,3,Python-50,0
AWQ,3,Python-7,0
AWQ,3,Python-8,0
AWQ,3,Python-9,0
AWQ,4,Python-10,1
AWQ,4,Python-11,0
AWQ,4,Python-12,0
AWQ,4,Python-13,0
AWQ,4,Python-14,0
AWQ,4,Python-15,0
AWQ,4,Python-16,0
AWQ,4,Python-17,0
AWQ,4,Python-18,0
AWQ,4,Python-19,0
AWQ,4,Python-20,0
AWQ,4,Python-21,0
AWQ,4,Python-22,0
AWQ,4,Python-24,0
AWQ,4,Python-25,0
AWQ,4,Python-26,0
AWQ,4,Python-27,0
AWQ,4,Python-28,1
AWQ,4,Python-29,0
AWQ,4,Python-31,0
AWQ,4,Python-32,0
AWQ,4,Python-33,0
AWQ,4,Python-34,1
AWQ,4,Python-35,0
AWQ,4,Python-36,0
AWQ,4,Python-37,1
AWQ,4,Python-38,1
AWQ,4,Python-39,0
AWQ,4,Python-40,0
AWQ,4,Python-41,1
AWQ,4,Python-42,0
AWQ,4,Python-43,1
AWQ,4,Python-44,0
AWQ,4,Python-45,1
AWQ,4,Python-46,0
AWQ,4,Python-47,1
AWQ,4,Python-48,0
AWQ,4,Python-49,1
AWQ,4,Python-50,0
AWQ,4,Python-7,0
AWQ,4,Python-8,0
AWQ,4,Python-9,0
AWQ,5,Python-10,1
AWQ,5,Python-11,0
AWQ,5,Python-12,0
AWQ,5,Python-13,0
AWQ,5,Python-14,0
AWQ,5,Python-15,0
AWQ,5,Python-16,0
AWQ,5,Python-17,0
AWQ,5,Python-18,0
AWQ,5,Python-19,0
AWQ,5,Python-20,0
AWQ,5,Python-21,0
AWQ,5,Python-22,0
AWQ,5,Python-24,0
AWQ,5,Python-25,0
AWQ,5,Python-26,0
AWQ,5,Python-27,0
AWQ,5,Python-28,1
AWQ,5,Python-29,0
AWQ,5,Python-31,0
AWQ,5,Python-32,0
AWQ,5,Python-33,0
AWQ,5,Python-34,1
AWQ,5,Python-35,0
AWQ,5,Python-36,0
AWQ,5,Python-37,1
AWQ,5,Python-38,1
AWQ,5,Python-39,0
AWQ,5,Python-40,0
AWQ,5,Python-41,1
AWQ,5,Python-42,0
AWQ,5,Python-43,1
AWQ,5,Python-44,0
AWQ,5,Python-45,1
AWQ,5,Python-46,0
AWQ,5,Python-47,1
AWQ,5,Python-48,0
AWQ,5,Python-49,1
AWQ,5,Python-50,0
AWQ,5,Python-7,0
AWQ,5,Python-8,0
AWQ,5,Python-9,0
AWQ,6,Python-10,1
AWQ,6,Python-11,0
AWQ,6,Python-12,0
AWQ,6,Python-13,0
AWQ,6,Python-14,0
AWQ,6,Python-15,0
AWQ,6,Python-16,0
AWQ,6,Python-17,0
AWQ,6,Python-18,0
AWQ,6,Python-19,0
AWQ,6,Python-20,0
AWQ,6,Python-21,0
AWQ,6,Python-22,0
AWQ,6,Python-24,0
AWQ,6,Python-25,0
AWQ,6,Python-26,0
AWQ,6,Python-27,0
AWQ,6,Python-28,1
AWQ,6,Python-29,0
AWQ,6,Python-31,0
AWQ,6,Python-32,0
AWQ,6,Python-33,0
AWQ,6,Python-34,1
AWQ,6,Python-35,0
AWQ,6,Python-36,0
AWQ,6,Python-37,1
AWQ,6,Python-38,1
AWQ,6,Python-39,0
AWQ,6,Python-40,0
AWQ,6,Python-41,1
AWQ,6,Python-42,0
AWQ,6,Python-43,1
AWQ,6,Python-44,0
AWQ,6,Python-45,1
AWQ,6,Python-46,0
AWQ,6,Python-47,1
AWQ,6,Python-48,0
AWQ,6,Python-49,1
AWQ,6,Python-50,0
AWQ,6,Python-7,0
AWQ,6,Python-8,0
AWQ,6,Python-9,0
AWQ,7,Python-10,1
AWQ,7,Python-11,0
AWQ,7,Python-12,0
AWQ,7,Python-13,0
AWQ,7,Python-14,0
AWQ,7,Python-15,0
AWQ,7,Python-16,0
AWQ,7,Python-17,0
AWQ,7,Python-18,0
AWQ,7,Python-19,0
AWQ,7,Python-20,0
AWQ,7,Python-21,0
AWQ,7,Python-22,0
AWQ,7,Python-24,0
AWQ,7,Python-25,0
AWQ,7,Python-26,0
AWQ,7,Python-27,0
AWQ,7,Python-28,1
AWQ,7,Python-29,0
AWQ,7,Python-31,0
AWQ,7,Python-32,0
AWQ,7,Python-33,0
AWQ,7,Python-34,1
AWQ,7,Python-35,0
AWQ,7,Python-36,0
AWQ,7,Python-37,1
AWQ,7,Python-38,1
AWQ,7,Python-39,0
AWQ,7,Python-40,0
AWQ,7,Python-41,1
AWQ,7,Python-42,0
AWQ,7,Python-43,1
AWQ,7,Python-44,0
AWQ,7,Python-45,1
AWQ,7,Python-46,0
AWQ,7,Python-47,1
AWQ,7,Python-48,0
AWQ,7,Python-49,1
AWQ,7,Python-50,0
AWQ,7,Python-7,0
AWQ,7,Python-8,0
AWQ,7,Python-9,0
AWQ,8,Python-10,1
AWQ,8,Python-11,0
AWQ,8,Python-12,0
AWQ,8,Python-13,0
AWQ,8,Python-14,0
AWQ,8,Python-15,0
AWQ,8,Python-16,0
AWQ,8,Python-17,0
AWQ,8,Python-18,0
AWQ,8,Python-19,0
AWQ,8,Python-20,0
AWQ,8,Python-21,0
AWQ,8,Python-22,0
AWQ,8,Python-24,0
AWQ,8,Python-25,0
AWQ,8,Python-26,0
AWQ,8,Python-27,0
AWQ,8,Python-28,1
AWQ,8,Python-29,0
AWQ,8,Python-31,0
AWQ,8,Python-32,0
AWQ,8,Python-33,0
AWQ,8,Python-34,1
AWQ,8,Python-35,0
AWQ,8,Python-36,0
AWQ,8,Python-37,1
AWQ,8,Python-38,1
AWQ,8,Python-39,0
AWQ,8,Python-40,0
AWQ,8,Python-41,1
AWQ,8,Python-42,0
AWQ,8,Python-43,1
AWQ,8,Python-44,0
AWQ,8,Python-45,1
AWQ,8,Python-46,0
AWQ,8,Python-47,1
AWQ,8,Python-48,0
AWQ,8,Python-49,1
AWQ,8,Python-50,0
AWQ,8,Python-7,0
AWQ,8,Python-8,0
AWQ,8,Python-9,0
AWQ,9,Python-10,1
AWQ,9,Python-11,0
AWQ,9,Python-12,0
AWQ,9,Python-13,0
AWQ,9,Python-14,0
AWQ,9,Python-15,0
AWQ,9,Python-16,0
AWQ,9,Python-17,0
AWQ,9,Python-18,0
AWQ,9,Python-19,0
AWQ,9,Python-20,0
AWQ,9,Python-21,0
AWQ,9,Python-22,0
AWQ,9,Python-24,0
AWQ,9,Python-25,0
AWQ,9,Python-26,0
AWQ,9,Python-27,0
AWQ,9,Python-28,1
AWQ,9,Python-29,0
AWQ,9,Python-31,0
AWQ,9,Python-32,0
AWQ,9,Python-33,0
AWQ,9,Python-34,1
AWQ,9,Python-35,0
AWQ,9,Python-36,0
AWQ,9,Python-37,1
AWQ,9,Python-38,1
AWQ,9,Python-39,0
AWQ,9,Python-40,0
AWQ,9,Python-41,1
AWQ,9,Python-42,0
AWQ,9,Python-43,1
AWQ,9,Python-44,0
AWQ,9,Python-45,1
AWQ,9,Python-46,0
AWQ,9,Python-47,1
AWQ,9,Python-48,0
AWQ,9,Python-49,1
AWQ,9,Python-50,0
AWQ,9,Python-7,0
AWQ,9,Python-8,0
AWQ,9,Python-9,0
AWQ,10,Python-10,1
AWQ,10,Python-11,0
AWQ,10,Python-12,0
AWQ,10,Python-13,0
AWQ,10,Python-14,0
AWQ,10,Python-15,0
AWQ,10,Python-16,0
AWQ,10,Python-17,0
AWQ,10,Python-18,0
AWQ,10,Python-19,0
AWQ,10,Python-20,0
AWQ,10,Python-21,0
AWQ,10,Python-22,0
AWQ,10,Python-24,0
AWQ,10,Python-25,0
AWQ,10,Python-26,0
AWQ,10,Python-27,0
AWQ,10,Python-28,1
AWQ,10,Python-29,0
AWQ,10,Python-31,0
AWQ,10,Python-32,0
AWQ,10,Python-33,0
AWQ,10,Python-34,1
AWQ,10,Python-35,0
AWQ,10,Python-36,0
AWQ,10,Python-37,1
AWQ,10,Python-38,1
AWQ,10,Python-39,0
AWQ,10,Python-40,0
AWQ,10,Python-41,1
AWQ,10,Python-42,0
AWQ,10,Python-43,1
AWQ,10,Python-44,0
AWQ,10,Python-45,1
AWQ,10,Python-46,0
AWQ,10,Python-47,1
AWQ,10,Python-48,0
AWQ,10,Python-49,1
AWQ,10,Python-50,0
AWQ,10,Python-7,0
AWQ,10,Python-8,0
AWQ,10,Python-9,0
GPTQ,1,Python-10,1
GPTQ,1,Python-11,0
GPTQ,1,Python-12,0
GPTQ,1,Python-13,1
GPTQ,1,Python-14,0
GPTQ,1,Python-15,0
GPTQ,1,Python-16,0
GPTQ,1,Python-17,0
GPTQ,1,Python-18,0
GPTQ,1,Python-19,0
GPTQ,1,Python-20,0
GPTQ,1,Python-21,0
GPTQ,1,Python-22,0
GPTQ,1,Python-24,0
GPTQ,1,Python-25,0
GPTQ,1,Python-26,0
GPTQ,1,Python-27,0
GPTQ,1,Python-28,1
GPTQ,1,Python-29,0
GPTQ,1,Python-31,0
GPTQ,1,Python-32,0
GPTQ,1,Python-33,0
GPTQ,1,Python-34,1
GPTQ,1,Python-35,0
GPTQ,1,Python-36,0
GPTQ,1,Python-37,0
GPTQ,1,Python-38,0
GPTQ,1,Python-39,0
GPTQ,1,Python-40,0
GPTQ,1,Python-41,1
GPTQ,1,Python-42,0
GPTQ,1,Python-43,0
GPTQ,1,Python-44,0
GPTQ,1,Python-45,1
GPTQ,1,Python-46,0
GPTQ,1,Python-47,1
GPTQ,1,Python-48,0
GPTQ,1,Python-49,1
GPTQ,1,Python-50,1
GPTQ,1,Python-7,0
GPTQ,1,Python-8,0
GPTQ,1,Python-9,0
GPTQ,2,Python-10,1
GPTQ,2,Python-11,0
GPTQ,2,Python-12,0
GPTQ,2,Python-13,1
GPTQ,2,Python-14,0
GPTQ,2,Python-15,0
GPTQ,2,Python-16,0
GPTQ,2,Python-17,0
GPTQ,2,Python-18,0
GPTQ,2,Python-19,0
GPTQ,2,Python-20,0
GPTQ,2,Python-21,0
GPTQ,2,Python-22,0
GPTQ,2,Python-24,0
GPTQ,2,Python-25,0
GPTQ,2,Python-26,0
GPTQ,2,Python-27,0
GPTQ,2,Python-28,1
GPTQ,2,Python-29,0
GPTQ,2,Python-31,0
GPTQ,2,Python-32,0
GPTQ,2,Python-33,0
GPTQ,2,Python-34,1
GPTQ,2,Python-35,0
GPTQ,2,Python-36,0
GPTQ,2,Python-37,0
GPTQ,2,Python-38,0
GPTQ,2,Python-39,0
GPTQ,2,Python-40,0
GPTQ,2,Python-41,1
GPTQ,2,Python-42,0
GPTQ,2,Python-43,0
GPTQ,2,Python-44,0
GPTQ,2,Python-45,1
GPTQ,2,Python-46,0
GPTQ,2,Python-47,1
GPTQ,2,Python-48,0
GPTQ,2,Python-49,1
GPTQ,2,Python-50,1
GPTQ,2,Python-7,0
GPTQ,2,Python-8,0
GPTQ,2,Python-9,0
GPTQ,3,Python-10,1
GPTQ,3,Python-11,0
GPTQ,3,Python-12,0
GPTQ,3,Python-13,1
GPTQ,3,Python-14,0
GPTQ,3,Python-15,0
GPTQ,3,Python-16,0
GPTQ,3,Python-17,0
GPTQ,3,Python-18,0
GPTQ,3,Python-19,0
GPTQ,3,Python-20,0
GPTQ,3,Python-21,0
GPTQ,3,Python-22,0
GPTQ,3,Python-24,0
GPTQ,3,Python-25,0
GPTQ,3,Python-26,0
GPTQ,3,Python-27,0
GPTQ,3,Python-28,1
GPTQ,3,Python-29,0
GPTQ,3,Python-31,0
GPTQ,3,Python-32,0
GPTQ,3,Python-33,0
GPTQ,3,Python-34,1
GPTQ,3,Python-35,0
GPTQ,3,Python-36,0
GPTQ,3,Python-37,0
GPTQ,3,Python-38,0
GPTQ,3,Python-39,0
GPTQ,3,Python-40,0
GPTQ,3,Python-41,1
GPTQ,3,Python-42,0
GPTQ,3,Python-43,0
GPTQ,3,Python-44,0
GPTQ,3,Python-45,1
GPTQ,3,Python-46,0
GPTQ,3,Python-47,1
GPTQ,3,Python-48,0
GPTQ,3,Python-49,1
GPTQ,3,Python-50,1
GPTQ,3,Python-7,0
GPTQ,3,Python-8,0
GPTQ,3,Python-9,0
GPTQ,4,Python-10,1
GPTQ,4,Python-11,0
GPTQ,4,Python-12,0
GPTQ,4,Python-13,1
GPTQ,4,Python-14,0
GPTQ,4,Python-15,0
GPTQ,4,Python-16,0
GPTQ,4,Python-17,0
GPTQ,4,Python-18,0
GPTQ,4,Python-19,0
GPTQ,4,Python-20,0
GPTQ,4,Python-21,0
GPTQ,4,Python-22,0
GPTQ,4,Python-24,0
GPTQ,4,Python-25,0
GPTQ,4,Python-26,0
GPTQ,4,Python-27,0
GPTQ,4,Python-28,1
GPTQ,4,Python-29,0
GPTQ,4,Python-31,0
GPTQ,4,Python-32,0
GPTQ,4,Python-33,0
GPTQ,4,Python-34,1
GPTQ,4,Python-35,0
GPTQ,4,Python-36,0
GPTQ,4,Python-37,0
GPTQ,4,Python-38,0
GPTQ,4,Python-39,0
GPTQ,4,Python-40,0
GPTQ,4,Python-41,1
GPTQ,4,Python-42,0
GPTQ,4,Python-43,0
GPTQ,4,Python-44,0
GPTQ,4,Python-45,1
GPTQ,4,Python-46,0
GPTQ,4,Python-47,1
GPTQ,4,Python-48,0
GPTQ,4,Python-49,1
GPTQ,4,Python-50,1
GPTQ,4,Python-7,0
GPTQ,4,Python-8,0
GPTQ,4,Python-9,0
GPTQ,5,Python-10,1
GPTQ,5,Python-11,0
GPTQ,5,Python-12,0
GPTQ,5,Python-13,1
GPTQ,5,Python-14,0
GPTQ,5,Python-15,0
GPTQ,5,Python-16,0
GPTQ,5,Python-17,0
GPTQ,5,Python-18,0
GPTQ,5,Python-19,0
GPTQ,5,Python-20,0
GPTQ,5,Python-21,0
GPTQ,5,Python-22,0
GPTQ,5,Python-24,0
GPTQ,5,Python-25,0
GPTQ,5,Python-26,0
GPTQ,5,Python-27,0
GPTQ,5,Python-28,1
GPTQ,5,Python-29,0
GPTQ,5,Python-31,0
GPTQ,5,Python-32,0
GPTQ,5,Python-33,0
GPTQ,5,Python-34,1
GPTQ,5,Python-35,0
GPTQ,5,Python-36,0
GPTQ,5,Python-37,0
GPTQ,5,Python-38,0
GPTQ,5,Python-39,0
GPTQ,5,Python-40,0
GPTQ,5,Python-41,1
GPTQ,5,Python-42,0
GPTQ,5,Python-43,0
GPTQ,5,Python-44,0
GPTQ,5,Python-45,1
GPTQ,5,Python-46,0
GPTQ,5,Python-47,1
GPTQ,5,Python-48,0
GPTQ,5,Python-49,1
GPTQ,5,Python-50,1
GPTQ,5,Python-7,0
GPTQ,5,Python-8,0
GPTQ,5,Python-9,0
GPTQ,6,Python-10,1
GPTQ,6,Python-11,0
GPTQ,6,Python-12,0
GPTQ,6,Python-13,1
GPTQ,6,Python-14,0
GPTQ,6,Python-15,0
GPTQ,6,Python-16,0
GPTQ,6,Python-17,0
GPTQ,6,Python-18,0
GPTQ,6,Python-19,0
GPTQ,6,Python-20,0
GPTQ,6,Python-21,0
GPTQ,6,Python-22,0
GPTQ,6,Python-24,0
GPTQ,6,Python-25,0
GPTQ,6,Python-26,0
GPTQ,6,Python-27,0
GPTQ,6,Python-28,1
GPTQ,6,Python-29,0
GPTQ,6,Python-31,0
GPTQ,6,Python-32,0
GPTQ,6,Python-33,0
GPTQ,6,Python-34,1
GPTQ,6,Python-35,0
GPTQ,6,Python-36,0
GPTQ,6,Python-37,0
GPTQ,6,Python-38,0
GPTQ,6,Python-39,0
GPTQ,6,Python-40,0
GPTQ,6,Python-41,1
GPTQ,6,Python-42,0
GPTQ,6,Python-43,0
GPTQ,6,Python-44,0
GPTQ,6,Python-45,1
GPTQ,6,Python-46,0
GPTQ,6,Python-47,1
GPTQ,6,Python-48,0
GPTQ,6,Python-49,1
GPTQ,6,Python-50,1
GPTQ,6,Python-7,0
GPTQ,6,Python-8,0
GPTQ,6,Python-9,0
GPTQ,7,Python-10,1
GPTQ,7,Python-11,0
GPTQ,7,Python-12,0
GPTQ,7,Python-13,1
GPTQ,7,Python-14,0
GPTQ,7,Python-15,0
GPTQ,7,Python-16,0
GPTQ,7,Python-17,0
GPTQ,7,Python-18,0
GPTQ,7,Python-19,0
GPTQ,7,Python-20,0
GPTQ,7,Python-21,0
GPTQ,7,Python-22,0
GPTQ,7,Python-24,0
GPTQ,7,Python-25,0
GPTQ,7,Python-26,0
GPTQ,7,Python-27,0
GPTQ,7,Python-28,1
GPTQ,7,Python-29,0
GPTQ,7,Python-31,0
GPTQ,7,Python-32,0
GPTQ,7,Python-33,0
GPTQ,7,Python-34,1
GPTQ,7,Python-35,0
GPTQ,7,Python-36,0
GPTQ,7,Python-37,0
GPTQ,7,Python-38,0
GPTQ,7,Python-39,0
GPTQ,7,Python-40,0
GPTQ,7,Python-41,1
GPTQ,7,Python-42,0
GPTQ,7,Python-43,0
GPTQ,7,Python-44,0
GPTQ,7,Python-45,1
GPTQ,7,Python-46,0
GPTQ,7,Python-47,1
GPTQ,7,Python-48,0
GPTQ,7,Python-49,1
GPTQ,7,Python-50,1
GPTQ,7,Python-7,0
GPTQ,7,Python-8,0
GPTQ,7,Python-9,0
GPTQ,8,Python-10,1
GPTQ,8,Python-11,0
GPTQ,8,Python-12,0
GPTQ,8,Python-13,1
GPTQ,8,Python-14,0
GPTQ,8,Python-15,0
GPTQ,8,Python-16,0
GPTQ,8,Python-17,0
GPTQ,8,Python-18,0
GPTQ,8,Python-19,0
GPTQ,8,Python-20,0
GPTQ,8,Python-21,0
GPTQ,8,Python-22,0
GPTQ,8,Python-24,0
GPTQ,8,Python-25,0
GPTQ,8,Python-26,0
GPTQ,8,Python-27,0
GPTQ,8,Python-28,1
GPTQ,8,Python-29,0
GPTQ,8,Python-31,0
GPTQ,8,Python-32,0
GPTQ,8,Python-33,0
GPTQ,8,Python-34,1
GPTQ,8,Python-35,0
GPTQ,8,Python-36,0
GPTQ,8,Python-37,0
GPTQ,8,Python-38,0
GPTQ,8,Python-39,0
GPTQ,8,Python-40,0
GPTQ,8,Python-41,1
GPTQ,8,Python-42,0
GPTQ,8,Python-43,0
GPTQ,8,Python-44,0
GPTQ,8,Python-45,1
GPTQ,8,Python-46,0
GPTQ,8,Python-47,1
GPTQ,8,Python-48,0
GPTQ,8,Python-49,1
GPTQ,8,Python-50,1
GPTQ,8,Python-7,0
GPTQ,8,Python-8,0
GPTQ,8,Python-9,0
GPTQ,9,Python-10,1
GPTQ,9,Python-11,0
GPTQ,9,Python-12,0
GPTQ,9,Python-13,1
GPTQ,9,Python-14,0
GPTQ,9,Python-15,0
GPTQ,9,Python-16,0
GPTQ,9,Python-17,0
GPTQ,9,Python-18,0
GPTQ,9,Python-19,0
GPTQ,9,Python-20,0
GPTQ,9,Python-21,0
GPTQ,9,Python-22,0
GPTQ,9,Python-24,0
GPTQ,9,Python-25,0
GPTQ,9,Python-26,0
GPTQ,9,Python-27,0
GPTQ,9,Python-28,1
GPTQ,9,Python-29,0
GPTQ,9,Python-31,0
GPTQ,9,Python-32,0
GPTQ,9,Python-33,0
GPTQ,9,Python-34,1
GPTQ,9,Python-35,0
GPTQ,9,Python-36,0
GPTQ,9,Python-37,0
GPTQ,9,Python-38,0
GPTQ,9,Python-39,0
GPTQ,9,Python-40,0
GPTQ,9,Python-41,1
GPTQ,9,Python-42,0
GPTQ,9,Python-43,0
GPTQ,9,Python-44,0
GPTQ,9,Python-45,1
GPTQ,9,Python-46,0
GPTQ,9,Python-47,1
GPTQ,9,Python-48,0
GPTQ,9,Python-49,1
GPTQ,9,Python-50,1
GPTQ,9,Python-7,0
GPTQ,9,Python-8,0
GPTQ,9,Python-9,0
GPTQ,10,Python-10,1
GPTQ,10,Python-11,0
GPTQ,10,Python-12,0
GPTQ,10,Python-13,1
GPTQ,10,Python-14,0
GPTQ,10,Python-15,0
GPTQ,10,Python-16,0
GPTQ,10,Python-17,0
GPTQ,10,Python-18,0
GPTQ,10,Python-19,0
GPTQ,10,Python-20,0
GPTQ,10,Python-21,0
GPTQ,10,Python-22,0
GPTQ,10,Python-24,0
GPTQ,10,Python-25,0
GPTQ,10,Python-26,0
GPTQ,10,Python-27,0
GPTQ,10,Python-28,1
GPTQ,10,Python-29,0
GPTQ,10,Python-31,0
GPTQ,10,Python-32,0
GPTQ,10,Python-33,0
GPTQ,10,Python-34,1
GPTQ,10,Python-35,0
GPTQ,10,Python-36,0
GPTQ,10,Python-37,0
GPTQ,10,Python-38,0
GPTQ,10,Python-39,0
GPTQ,10,Python-40,0
GPTQ,10,Python-41,1
GPTQ,10,Python-42,0
GPTQ,10,Python-43,0
GPTQ,10,Python-44,0
GPTQ,10,Python-45,1
GPTQ,10,Python-46,0
GPTQ,10,Python-47,1
GPTQ,10,Python-48,0
GPTQ,10,Python-49,1
GPTQ,10,Python-50,1
GPTQ,10,Python-7,0
GPTQ,10,Python-8,0
GPTQ,10,Python-9,0
GGUF,1,Python-10,1
GGUF,1,Python-11,0
GGUF,1,Python-12,0
GGUF,1,Python-13,1
GGUF,1,Python-14,0
GGUF,1,Python-15,0
GGUF,1,Python-16,0
GGUF,1,Python-17,1
GGUF,1,Python-18,0
GGUF,1,Python-19,0
GGUF,1,Python-20,0
GGUF,1,Python-21,1
GGUF,1,Python-22,0
GGUF,1,Python-24,0
GGUF,1,Python-25,0
GGUF,1,Python-26,0
GGUF,1,Python-27,0
GGUF,1,Python-28,1
GGUF,1,Python-29,0
GGUF,1,Python-31,1
GGUF,1,Python-32,0
GGUF,1,Python-33,0
GGUF,1,Python-34,1
GGUF,1,Python-35,1
GGUF,1,Python-36,0
GGUF,1,Python-37,1
GGUF,1,Python-38,1
GGUF,1,Python-39,0
GGUF,1,Python-40,0
GGUF,1,Python-41,1
GGUF,1,Python-42,0
GGUF,1,Python-43,1
GGUF,1,Python-44,0
GGUF,1,Python-45,1
GGUF,1,Python-46,0
GGUF,1,Python-47,1
GGUF,1,Python-48,1
GGUF,1,Python-49,1
GGUF,1,Python-50,1
GGUF,1,Python-7,0
GGUF,1,Python-8,0
GGUF,1,Python-9,0
GGUF,2,Python-10,1
GGUF,2,Python-11,0
GGUF,2,Python-12,0
GGUF,2,Python-13,1
GGUF,2,Python-14,0
GGUF,2,Python-15,0
GGUF,2,Python-16,0
GGUF,2,Python-17,1
GGUF,2,Python-18,0
GGUF,2,Python-19,0
GGUF,2,Python-20,0
GGUF,2,Python-21,1
GGUF,2,Python-22,0
GGUF,2,Python-24,0
GGUF,2,Python-25,0
GGUF,2,Python-26,0
GGUF,2,Python-27,0
GGUF,2,Python-28,1
GGUF,2,Python-29,0
GGUF,2,Python-31,1
GGUF,2,Python-32,0
GGUF,2,Python-33,0
GGUF,2,Python-34,1
GGUF,2,Python-35,1
GGUF,2,Python-36,0
GGUF,2,Python-37,1
GGUF,2,Python-38,1
GGUF,2,Python-39,0
GGUF,2,Python-40,0
GGUF,2,Python-41,1
GGUF,2,Python-42,0
GGUF,2,Python-43,1
GGUF,2,Python-44,0
GGUF,2,Python-45,1
GGUF,2,Python-46,0
GGUF,2,Python-47,1
GGUF,2,Python-48,1
GGUF,2,Python-49,1
GGUF,2,Python-50,1
GGUF,2,Python-7,0
GGUF,2,Python-8,0
GGUF,2,Python-9,0
GGUF,3,Python-10,1
GGUF,3,Python-11,0
GGUF,3,Python-12,0
GGUF,3,Python-13,1
GGUF,3,Python-14,0
GGUF,3,Python-15,0
GGUF,3,Python-16,0
GGUF,3,Python-17,1
GGUF,3,Python-18,0
GGUF,3,Python-19,0
GGUF,3,Python-20,0
GGUF,3,Python-21,1
GGUF,3,Python-22,0
GGUF,3,Python-24,0
GGUF,3,Python-25,0
GGUF,3,Python-26,0
GGUF,3,Python-27,0
GGUF,3,Python-28,1
GGUF,3,Python-29,0
GGUF,3,Python-31,1
GGUF,3,Python-32,0
GGUF,3,Python-33,0
GGUF,3,Python-34,1
GGUF,3,Python-35,1
GGUF,3,Python-36,0
GGUF,3,Python-37,1
GGUF,3,Python-38,1
GGUF,3,Python-39,0
GGUF,3,Python-40,0
GGUF,3,Python-41,1
GGUF,3,Python-42,0
GGUF,3,Python-43,1
GGUF,3,Python-44,0
GGUF,3,Python-45,1
GGUF,3,Python-46,0
GGUF,3,Python-47,1
GGUF,3,Python-48,1
GGUF,3,Python-49,1
GGUF,3,Python-50,1
GGUF,3,Python-7,0
GGUF,3,Python-8,0
GGUF,3,Python-9,0
GGUF,4,Python-10,1
GGUF,4,Python-11,0
GGUF,4,Python-12,0
GGUF,4,Python-13,1
GGUF,4,Python-14,0
GGUF,4,Python-15,0
GGUF,4,Python-16,0
GGUF,4,Python-17,1
GGUF,4,Python-18,0
GGUF,4,Python-19,0
GGUF,4,Python-20,0
GGUF,4,Python-21,1
GGUF,4,Python-22,0
GGUF,4,Python-24,0
GGUF,4,Python-25,0
GGUF,4,Python-26,0
GGUF,4,Python-27,0
GGUF,4,Python-28,1
GGUF,4,Python-29,0
GGUF,4,Python-31,1
GGUF,4,Python-32,0
GGUF,4,Python-33,0
GGUF,4,Python-34,1
GGUF,4,Python-35,1
GGUF,4,Python-36,0
GGUF,4,Python-37,1
GGUF,4,Python-38,1
GGUF,4,Python-39,0
GGUF,4,Python-40,0
GGUF,4,Python-41,1
GGUF,4,Python-42,0
GGUF,4,Python-43,1
GGUF,4,Python-44,0
GGUF,4,Python-45,1
GGUF,4,Python-46,0
GGUF,4,Python-47,1
GGUF,4,Python-48,1
GGUF,4,Python-49,1
GGUF,4,Python-50,1
GGUF,4,Python-7,0
GGUF,4,Python-8,0
GGUF,4,Python-9,0
GGUF,5,Python-10,1
GGUF,5,Python-11,0
GGUF,5,Python-12,0
GGUF,5,Python-13,1
GGUF,5,Python-14,0
GGUF,5,Python-15,0
GGUF,5,Python-16,0
GGUF,5,Python-17,1
GGUF,5,Python-18,0
GGUF,5,Python-19,0
GGUF,5,Python-20,0
GGUF,5,Python-21,1
GGUF,5,Python-22,0
GGUF,5,Python-24,0
GGUF,5,Python-25,0
GGUF,5,Python-26,0
GGUF,5,Python-27,0
GGUF,5,Python-28,1
GGUF,5,Python-29,0
GGUF,5,Python-31,1
GGUF,5,Python-32,0
GGUF,5,Python-33,0
GGUF,5,Python-34,1
GGUF,5,Python-35,1
GGUF,5,Python-36,0
GGUF,5,Python-37,1
GGUF,5,Python-38,1
GGUF,5,Python-39,0
GGUF,5,Python-40,0
GGUF,5,Python-41,1
GGUF,5,Python-42,0
GGUF,5,Python-43,1
GGUF,5,Python-44,0
GGUF,5,Python-45,1
GGUF,5,Python-46,0
GGUF,5,Python-47,1
GGUF,5,Python-48,1
GGUF,5,Python-49,1
GGUF,5,Python-50,1
GGUF,5,Python-7,0
GGUF,5,Python-8,0
GGUF,5,Python-9,0
GGUF,6,Python-10,1
GGUF,6,Python-11,0
GGUF,6,Python-12,0
GGUF,6,Python-13,1
GGUF,6,Python-14,0
GGUF,6,Python-15,0
GGUF,6,Python-16,0
GGUF,6,Python-17,1
GGUF,6,Python-18,0
GGUF,6,Python-19,0
GGUF,6,Python-20,0
GGUF,6,Python-21,1
GGUF,6,Python-22,0
GGUF,6,Python-24,0
GGUF,6,Python-25,0
GGUF,6,Python-26,0
GGUF,6,Python-27,0
GGUF,6,Python-28,1
GGUF,6,Python-29,0
GGUF,6,Python-31,1
GGUF,6,Python-32,0
GGUF,6,Python-33,0
GGUF,6,Python-34,1
GGUF,6,Python-35,1
GGUF,6,Python-36,0
GGUF,6,Python-37,1
GGUF,6,Python-38,1
GGUF,6,Python-39,0
GGUF,6,Python-40,0
GGUF,6,Python-41,1
GGUF,6,Python-42,0
GGUF,6,Python-43,1
GGUF,6,Python-44,0
GGUF,6,Python-45,1
GGUF,6,Python-46,0
GGUF,6,Python-47,1
GGUF,6,Python-48,1
GGUF,6,Python-49,1
GGUF,6,Python-50,1
GGUF,6,Python-7,0
GGUF,6,Python-8,0
GGUF,6,Python-9,0
GGUF,7,Python-10,1
GGUF,7,Python-11,0
GGUF,7,Python-12,0
GGUF,7,Python-13,1
GGUF,7,Python-14,0
GGUF,7,Python-15,0
GGUF,7,Python-16,0
GGUF,7,Python-17,1
GGUF,7,Python-18,0
GGUF,7,Python-19,0
GGUF,7,Python-20,0
GGUF,7,Python-21,1
GGUF,7,Python-22,0
GGUF,7,Python-24,0
GGUF,7,Python-25,0
GGUF,7,Python-26,0
GGUF,7,Python-27,0
GGUF,7,Python-28,1
GGUF,7,Python-29,0
GGUF,7,Python-31,1
GGUF,7,Python-32,0
GGUF,7,Python-33,0
GGUF,7,Python-34,1
GGUF,7,Python-35,1
GGUF,7,Python-36,0
GGUF,7,Python-37,1
GGUF,7,Python-38,1
GGUF,7,Python-39,0
GGUF,7,Python-40,0
GGUF,7,Python-41,1
GGUF,7,Python-42,0
GGUF,7,Python-43,1
GGUF,7,Python-44,0
GGUF,7,Python-45,1
GGUF,7,Python-46,0
GGUF,7,Python-47,1
GGUF,7,Python-48,1
GGUF,7,Python-49,1
GGUF,7,Python-50,1
GGUF,7,Python-7,0
GGUF,7,Python-8,0
GGUF,7,Python-9,0
GGUF,8,Python-10,1
GGUF,8,Python-11,0
GGUF,8,Python-12,0
GGUF,8,Python-13,1
GGUF,8,Python-14,0
GGUF,8,Python-15,0
GGUF,8,Python-16,0
GGUF,8,Python-17,1
GGUF,8,Python-18,0
GGUF,8,Python-19,0
GGUF,8,Python-20,0
GGUF,8,Python-21,1
GGUF,8,Python-22,0
GGUF,8,Python-24,0
GGUF,8,Python-25,0
GGUF,8,Python-26,0
GGUF,8,Python-27,0
GGUF,8,Python-28,1
GGUF,8,Python-29,0
GGUF,8,Python-31,1
GGUF,8,Python-32,0
GGUF,8,Python-33,0
GGUF,8,Python-34,1
GGUF,8,Python-35,1
GGUF,8,Python-36,0
GGUF,8,Python-37,1
GGUF,8,Python-38,1
GGUF,8,Python-39,0
GGUF,8,Python-40,0
GGUF,8,Python-41,1
GGUF,8,Python-42,0
GGUF,8,Python-43,1
GGUF,8,Python-44,0
GGUF,8,Python-45,1
GGUF,8,Python-46,0
GGUF,8,Python-47,1
GGUF,8,Python-48,1
GGUF,8,Python-49,1
GGUF,8,Python-50,1
GGUF,8,Python-7,0
GGUF,8,Python-8,0
GGUF,8,Python-9,0
GGUF,9,Python-10,1
GGUF,9,Python-11,0
GGUF,9,Python-12,0
GGUF,9,Python-13,1
GGUF,9,Python-14,0
GGUF,9,Python-15,0
GGUF,9,Python-16,0
GGUF,9,Python-17,1
GGUF,9,Python-18,0
GGUF,9,Python-19,0
GGUF,9,Python-20,0
GGUF,9,Python-21,1
GGUF,9,Python-22,0
GGUF,9,Python-24,0
GGUF,9,Python-25,0
GGUF,9,Python-26,0
GGUF,9,Python-27,0
GGUF,9,Python-28,1
GGUF,9,Python-29,0
GGUF,9,Python-31,1
GGUF,9,Python-32,0
GGUF,9,Python-33,0
GGUF,9,Python-34,1
GGUF,9,Python-35,1
GGUF,9,Python-36,0
GGUF,9,Python-37,1
GGUF,9,Python-38,1
GGUF,9,Python-39,0
GGUF,9,Python-40,0
GGUF,9,Python-41,1
GGUF,9,Python-42,0
GGUF,9,Python-43,1
GGUF,9,Python-44,0
GGUF,9,Python-45,1
GGUF,9,Python-46,0
GGUF,9,Python-47,1
GGUF,9,Python-48,1
GGUF,9,Python-49,1
GGUF,9,Python-50,1
GGUF,9,Python-7,0
GGUF,9,Python-8,0
GGUF,9,Python-9,0
GGUF,10,Python-10,1
GGUF,10,Python-11,0
GGUF,10,Python-12,0
GGUF,10,Python-13,1
GGUF,10,Python-14,0
GGUF,10,Python-15,0
GGUF,10,Python-16,0
GGUF,10,Python-17,1
GGUF,10,Python-18,0
GGUF,10,Python-19,0
GGUF,10,Python-20,0
GGUF,10,Python-21,1
GGUF,10,Python-22,0
GGUF,10,Python-24,0
GGUF,10,Python-25,0
GGUF,10,Python-26,0
GGUF,10,Python-27,0
GGUF,10,Python-28,1
GGUF,10,Python-29,0
GGUF,10,Python-31,1
GGUF,10,Python-32,0
GGUF,10,Python-33,0
GGUF,10,Python-34,1
GGUF,10,Python-35,1
GGUF,10,Python-36,0
GGUF,10,Python-37,1
GGUF,10,Python-38,1
GGUF,10,Python-39,0
GGUF,10,Python-40,0
GGUF,10,Python-41,1
GGUF,10,Python-42,0
GGUF,10,Python-43,1
GGUF,10,Python-44,0
GGUF,10,Python-45,1
GGUF,10,Python-46,0
GGUF,10,Python-47,1
GGUF,10,Python-48,1
GGUF,10,Python-49,1
GGUF,10,Python-50,1
GGUF,10,Python-7,0
GGUF,10,Python-8,0
GGUF,10,Python-9,0
BnB,1,Python-10,1
BnB,1,Python-11,0
BnB,1,Python-12,0
BnB,1,Python-13,0
BnB,1,Python-14,0
BnB,1,Python-15,0
BnB,1,Python-16,0
BnB,1,Python-17,0
BnB,1,Python-18,0
BnB,1,Python-19,0
BnB,1,Python-20,0
BnB,1,Python-21,0
BnB,1,Python-22,0
BnB,1,Python-24,0
BnB,1,Python-25,1
BnB,1,Python-26,0
BnB,1,Python-27,0
BnB,1,Python-28,1
BnB,1,Python-29,0
BnB,1,Python-31,1
BnB,1,Python-32,0
BnB,1,Python-33,0
BnB,1,Python-34,1
BnB,1,Python-35,0
BnB,1,Python-36,0
BnB,1,Python-37,0
BnB,1,Python-38,1
BnB,1,Python-39,0
BnB,1,Python-40,0
BnB,1,Python-41,1
BnB,1,Python-42,0
BnB,1,Python-43,0
BnB,1,Python-44,0
BnB,1,Python-45,1
BnB,1,Python-46,0
BnB,1,Python-47,1
BnB,1,Python-48,0
BnB,1,Python-49,1
BnB,1,Python-50,1
BnB,1,Python-7,0
BnB,1,Python-8,0
BnB,1,Python-9,0
BnB,2,Python-10,1
BnB,2,Python-11,0
BnB,2,Python-12,0
BnB,2,Python-13,0
BnB,2,Python-14,0
BnB,2,Python-15,0
BnB,2,Python-16,0
BnB,2,Python-17,0
BnB,2,Python-18,0
BnB,2,Python-19,0
BnB,2,Python-20,0
BnB,2,Python-21,0
BnB,2,Python-22,0
BnB,2,Python-24,0
BnB,2,Python-25,1
BnB,2,Python-26,0
BnB,2,Python-27,0
BnB,2,Python-28,1
BnB,2,Python-29,0
BnB,2,Python-31,1
BnB,2,Python-32,0
BnB,2,Python-33,0
BnB,2,Python-34,1
BnB,2,Python-35,0
BnB,2,Python-36,0
BnB,2,Python-37,0
BnB,2,Python-38,1
BnB,2,Python-39,0
BnB,2,Python-40,0
BnB,2,Python-41,1
BnB,2,Python-42,0
BnB,2,Python-43,0
BnB,2,Python-44,0
BnB,2,Python-45,1
BnB,2,Python-46,0
BnB,2,Python-47,1
BnB,2,Python-48,0
BnB,2,Python-49,1
BnB,2,Python-50,1
BnB,2,Python-7,0
BnB,2,Python-8,0
BnB,2,Python-9,0
BnB,3,Python-10,1
BnB,3,Python-11,0
BnB,3,Python-12,0
BnB,3,Python-13,0
BnB,3,Python-14,0
BnB,3,Python-15,0
BnB,3,Python-16,0
BnB,3,Python-17,0
BnB,3,Python-18,0
BnB,3,Python-19,0
BnB,3,Python-20,0
BnB,3,Python-21,0
BnB,3,Python-22,0
BnB,3,Python-24,0
BnB,3,Python-25,1
BnB,3,Python-26,0
BnB,3,Python-27,0
BnB,3,Python-28,1
BnB,3,Python-29,0
BnB,3,Python-31,1
BnB,3,Python-32,0
BnB,3,Python-33,0
BnB,3,Python-34,1
BnB,3,Python-35,0
BnB,3,Python-36,0
BnB,3,Python-37,0
BnB,3,Python-38,1
BnB,3,Python-39,0
BnB,3,Python-40,0
BnB,3,Python-41,1
BnB,3,Python-42,0
BnB,3,Python-43,0
BnB,3,Python-44,0
BnB,3,Python-45,1
BnB,3,Python-46,0
BnB,3,Python-47,1
BnB,3,Python-48,0
BnB,3,Python-49,1
BnB,3,Python-50,1
BnB,3,Python-7,0
BnB,3,Python-8,0
BnB,3,Python-9,0
BnB,4,Python-10,1
BnB,4,Python-11,0
BnB,4,Python-12,0
BnB,4,Python-13,0
BnB,4,Python-14,0
BnB,4,Python-15,0
BnB,4,Python-16,0
BnB,4,Python-17,0
BnB,4,Python-18,0
BnB,4,Python-19,0
BnB,4,Python-20,0
BnB,4,Python-21,0
BnB,4,Python-22,0
BnB,4,Python-24,0
BnB,4,Python-25,1
BnB,4,Python-26,0
BnB,4,Python-27,0
BnB,4,Python-28,1
BnB,4,Python-29,0
BnB,4,Python-31,1
BnB,4,Python-32,0
BnB,4,Python-33,0
BnB,4,Python-34,1
BnB,4,Python-35,0
BnB,4,Python-36,0
BnB,4,Python-37,0
BnB,4,Python-38,1
BnB,4,Python-39,0
BnB,4,Python-40,0
BnB,4,Python-41,1
BnB,4,Python-42,0
BnB,4,Python-43,0
BnB,4,Python-44,0
BnB,4,Python-45,1
BnB,4,Python-46,0
BnB,4,Python-47,1
BnB,4,Python-48,0
BnB,4,Python-49,1
BnB,4,Python-50,1
BnB,4,Python-7,0
BnB,4,Python-8,0
BnB,4,Python-9,0
BnB,5,Python-10,1
BnB,5,Python-11,0
BnB,5,Python-12,0
BnB,5,Python-13,0
BnB,5,Python-14,0
BnB,5,Python-15,0
BnB,5,Python-16,0
BnB,5,Python-17,0
BnB,5,Python-18,0
BnB,5,Python-19,0
BnB,5,Python-20,0
BnB,5,Python-21,0
BnB,5,Python-22,0
BnB,5,Python-24,0
BnB,5,Python-25,1
BnB,5,Python-26,0
BnB,5,Python-27,0
BnB,5,Python-28,1
BnB,5,Python-29,0
BnB,5,Python-31,1
BnB,5,Python-32,0
BnB,5,Python-33,0
BnB,5,Python-34,1
BnB,5,Python-35,0
BnB,5,Python-36,0
BnB,5,Python-37,0
BnB,5,Python-38,1
BnB,5,Python-39,0
BnB,5,Python-40,0
BnB,5,Python-41,1
BnB,5,Python-42,0
BnB,5,Python-43,0
BnB,5,Python-44,0
BnB,5,Python-45,1
BnB,5,Python-46,0
BnB,5,Python-47,1
BnB,5,Python-48,0
BnB,5,Python-49,1
BnB,5,Python-50,1
BnB,5,Python-7,0
BnB,5,Python-8,0
BnB,5,Python-9,0
BnB,6,Python-10,1
BnB,6,Python-11,0
BnB,6,Python-12,0
BnB,6,Python-13,0
BnB,6,Python-14,0
BnB,6,Python-15,0
BnB,6,Python-16,0
BnB,6,Python-17,0
BnB,6,Python-18,0
BnB,6,Python-19,0
BnB,6,Python-20,0
BnB,6,Python-21,0
BnB,6,Python-22,0
BnB,6,Python-24,0
BnB,6,Python-25,1
BnB,6,Python-26,0
BnB,6,Python-27,0
BnB,6,Python-28,1
BnB,6,Python-29,0
BnB,6,Python-31,1
BnB,6,Python-32,0
BnB,6,Python-33,0
BnB,6,Python-34,1
BnB,6,Python-35,0
BnB,6,Python-36,0
BnB,6,Python-37,0
BnB,6,Python-38,1
BnB,6,Python-39,0
BnB,6,Python-40,0
BnB,6,Python-41,1
BnB,6,Python-42,0
BnB,6,Python-43,0
BnB,6,Python-44,0
BnB,6,Python-45,1
BnB,6,Python-46,0
BnB,6,Python-47,1
BnB,6,Python-48,0
BnB,6,Python-49,1
BnB,6,Python-50,1
BnB,6,Python-7,0
BnB,6,Python-8,0
BnB,6,Python-9,0
BnB,7,Python-10,1
BnB,7,Python-11,0
BnB,7,Python-12,0
BnB,7,Python-13,0
BnB,7,Python-14,0
BnB,7,Python-15,0
BnB,7,Python-16,0
BnB,7,Python-17,0
BnB,7,Python-18,0
BnB,7,Python-19,0
BnB,7,Python-20,0
BnB,7,Python-21,0
BnB,7,Python-22,0
BnB,7,Python-24,0
BnB,7,Python-25,1
BnB,7,Python-26,0
BnB,7,Python-27,0
BnB,7,Python-28,1
BnB,7,Python-29,0
BnB,7,Python-31,1
BnB,7,Python-32,0
BnB,7,Python-33,0
BnB,7,Python-34,1
BnB,7,Python-35,0
BnB,7,Python-36,0
BnB,7,Python-37,0
BnB,7,Python-38,1
BnB,7,Python-39,0
BnB,7,Python-40,0
BnB,7,Python-41,1
BnB,7,Python-42,0
BnB,7,Python-43,0
BnB,7,Python-44,0
BnB,7,Python-45,1
BnB,7,Python-46,0
BnB,7,Python-47,1
BnB,7,Python-48,0
BnB,7,Python-49,1
BnB,7,Python-50,1
BnB,7,Python-7,0
BnB,7,Python-8,0
BnB,7,Python-9,0
BnB,8,Python-10,1
BnB,8,Python-11,0
BnB,8,Python-12,0
BnB,8,Python-13,0
BnB,8,Python-14,0
BnB,8,Python-15,0
BnB,8,Python-16,0
BnB,8,Python-17,0
BnB,8,Python-18,0
BnB,8,Python-19,0
BnB,8,Python-20,0
BnB,8,Python-21,0
BnB,8,Python-22,0
BnB,8,Python-24,0
BnB,8,Python-25,1
BnB,8,Python-26,0
BnB,8,Python-27,0
BnB,8,Python-28,1
BnB,8,Python-29,0
BnB,8,Python-31,1
BnB,8,Python-32,0
BnB,8,Python-33,0
BnB,8,Python-34,1
BnB,8,Python-35,0
BnB,8,Python-36,0
BnB,8,Python-37,0
BnB,8,Python-38,1
BnB,8,Python-39,0
BnB,8,Python-40,0
BnB,8,Python-41,1
BnB,8,Python-42,0
BnB,8,Python-43,0
BnB,8,Python-44,0
BnB,8,Python-45,1
BnB,8,Python-46,0
BnB,8,Python-47,1
BnB,8,Python-48,0
BnB,8,Python-49,1
BnB,8,Python-50,1
BnB,8,Python-7,0
BnB,8,Python-8,0
BnB,8,Python-9,0
BnB,9,Python-10,1
BnB,9,Python-11,0
BnB,9,Python-12,0
BnB,9,Python-13,0
BnB,9,Python-14,0
BnB,9,Python-15,0
BnB,9,Python-16,0
BnB,9,Python-17,0
BnB,9,Python-18,0
BnB,9,Python-19,0
BnB,9,Python-20,0
BnB,9,Python-21,0
BnB,9,Python-22,0
BnB,9,Python-24,0
BnB,9,Python-25,1
BnB,9,Python-26,0
BnB,9,Python-27,0
BnB,9,Python-28,1
BnB,9,Python-29,0
BnB,9,Python-31,1
BnB,9,Python-32,0
BnB,9,Python-33,0
BnB,9,Python-34,1
BnB,9,Python-35,0
BnB,9,Python-36,0
BnB,9,Python-37,0
BnB,9,Python-38,1
BnB,9,Python-39,0
BnB,9,Python-40,0
BnB,9,Python-41,1
BnB,9,Python-42,0
BnB,9,Python-43,0
BnB,9,Python-44,0
BnB,9,Python-45,1
BnB,9,Python-46,0
BnB,9,Python-47,1
BnB,9,Python-48,0
BnB,9,Python-49,1
BnB,9,Python-50,1
BnB,9,Python-7,0
BnB,9,Python-8,0
BnB,9,Python-9,0
BnB,10,Python-10,1
BnB,10,Python-11,0
BnB,10,Python-12,0
BnB,10,Python-13,0
BnB,10,Python-14,0
BnB,10,Python-15,0
BnB,10,Python-16,0
BnB,10,Python-17,0
BnB,10,Python-18,0
BnB,10,Python-19,0
BnB,10,Python-20,0
BnB,10,Python-21,0
BnB,10,Python-22,0
BnB,10,Python-24,0
BnB,10,Python-25,1
BnB,10,Python-26,0
BnB,10,Python-27,0
BnB,10,Python-28,1
BnB,10,Python-29,0
BnB,10,Python-31,1
BnB,10,Python-32,0
BnB,10,Python-33,0
BnB,10,Python-34,1
BnB,10,Python-35,0
BnB,10,Python-36,0
BnB,10,Python-37,0
BnB,10,Python-38,1
BnB,10,Python-39,0
BnB,10,Python-40,0
BnB,10,Python-41,1
BnB,10,Python-42,0
BnB,10,Python-43,0
BnB,10,Python-44,0
BnB,10,Python-45,1
BnB,10,Python-46,0
BnB,10,Python-47,1
BnB,10,Python-48,0
BnB,10,Python-49,1
BnB,10,Python-50,1
BnB,10,Python-7,0
BnB,10,Python-8,0
BnB,10,Python-9,0
AQLM,1,Python-10,1
AQLM,1,Python-11,0
AQLM,1,Python-12,0
AQLM,1,Python-13,0
AQLM,1,Python-14,0
AQLM,1,Python-15,0
AQLM,1,Python-16,0
AQLM,1,Python-17,1
AQLM,1,Python-18,0
AQLM,1,Python-19,1
AQLM,1,Python-20,0
AQLM,1,Python-21,0
AQLM,1,Python-22,0
AQLM,1,Python-24,0
AQLM,1,Python-25,0
AQLM,1,Python-26,0
AQLM,1,Python-27,0
AQLM,1,Python-28,1
AQLM,1,Python-29,0
AQLM,1,Python-31,1
AQLM,1,Python-32,1
AQLM,1,Python-33,0
AQLM,1,Python-34,1
AQLM,1,Python-35,1
AQLM,1,Python-36,1
AQLM,1,Python-37,1
AQLM,1,Python-38,1
AQLM,1,Python-39,0
AQLM,1,Python-40,0
AQLM,1,Python-41,1
AQLM,1,Python-42,0
AQLM,1,Python-43,1
AQLM,1,Python-44,0
AQLM,1,Python-45,1
AQLM,1,Python-46,1
AQLM,1,Python-47,1
AQLM,1,Python-48,1
AQLM,1,Python-49,0
AQLM,1,Python-50,1
AQLM,1,Python-7,1
AQLM,1,Python-8,0
AQLM,1,Python-9,0
AQLM,2,Python-10,1
AQLM,2,Python-11,0
AQLM,2,Python-12,0
AQLM,2,Python-13,0
AQLM,2,Python-14,0
AQLM,2,Python-15,0
AQLM,2,Python-16,0
AQLM,2,Python-17,1
AQLM,2,Python-18,0
AQLM,2,Python-19,1
AQLM,2,Python-20,0
AQLM,2,Python-21,0
AQLM,2,Python-22,0
AQLM,2,Python-24,0
AQLM,2,Python-25,0
AQLM,2,Python-26,0
AQLM,2,Python-27,0
AQLM,2,Python-28,1
AQLM,2,Python-29,0
AQLM,2,Python-31,1
AQLM,2,Python-32,1
AQLM,2,Python-33,0
AQLM,2,Python-34,1
AQLM,2,Python-35,1
AQLM,2,Python-36,1
AQLM,2,Python-37,1
AQLM,2,Python-38,1
AQLM,2,Python-39,0
AQLM,2,Python-40,0
AQLM,2,Python-41,1
AQLM,2,Python-42,0
AQLM,2,Python-43,1
AQLM,2,Python-44,0
AQLM,2,Python-45,1
AQLM,2,Python-46,1
AQLM,2,Python-47,1
AQLM,2,Python-48,1
AQLM,2,Python-49,0
AQLM,2,Python-50,1
AQLM,2,Python-7,1
AQLM,2,Python-8,0
AQLM,2,Python-9,0
AQLM,3,Python-10,1
AQLM,3,Python-11,0
AQLM,3,Python-12,0
AQLM,3,Python-13,0
AQLM,3,Python-14,0
AQLM,3,Python-15,0
AQLM,3,Python-16,0
AQLM,3,Python-17,1
AQLM,3,Python-18,0
AQLM,3,Python-19,1
AQLM,3,Python-20,0
AQLM,3,Python-21,0
AQLM,3,Python-22,0
AQLM,3,Python-24,0
AQLM,3,Python-25,0
AQLM,3,Python-26,0
AQLM,3,Python-27,0
AQLM,3,Python-28,1
AQLM,3,Python-29,0
AQLM,3,Python-31,1
AQLM,3,Python-32,1
AQLM,3,Python-33,0
AQLM,3,Python-34,1
AQLM,3,Python-35,1
AQLM,3,Python-36,1
AQLM,3,Python-37,1
AQLM,3,Python-38,1
AQLM,3,Python-39,0
AQLM,3,Python-40,0
AQLM,3,Python-41,1
AQLM,3,Python-42,0
AQLM,3,Python-43,1
AQLM,3,Python-44,0
AQLM,3,Python-45,1
AQLM,3,Python-46,1
AQLM,3,Python-47,1
AQLM,3,Python-48,1
AQLM,3,Python-49,0
AQLM,3,Python-50,1
AQLM,3,Python-7,1
AQLM,3,Python-8,0
AQLM,3,Python-9,0
AQLM,4,Python-10,1
AQLM,4,Python-11,0
AQLM,4,Python-12,0
AQLM,4,Python-13,0
AQLM,4,Python-14,0
AQLM,4,Python-15,0
AQLM,4,Python-16,0
AQLM,4,Python-17,1
AQLM,4,Python-18,0
AQLM,4,Python-19,1
AQLM,4,Python-20,0
AQLM,4,Python-21,0
AQLM,4,Python-22,0
AQLM,4,Python-24,0
AQLM,4,Python-25,0
AQLM,4,Python-26,0
AQLM,4,Python-27,0
AQLM,4,Python-28,1
AQLM,4,Python-29,0
AQLM,4,Python-31,1
AQLM,4,Python-32,1
AQLM,4,Python-33,0
AQLM,4,Python-34,1
AQLM,4,Python-35,1
AQLM,4,Python-36,1
AQLM,4,Python-37,1
AQLM,4,Python-38,1
AQLM,4,Python-39,0
AQLM,4,Python-40,0
AQLM,4,Python-41,1
AQLM,4,Python-42,0
AQLM,4,Python-43,1
AQLM,4,Python-44,0
AQLM,4,Python-45,1
AQLM,4,Python-46,1
AQLM,4,Python-47,1
AQLM,4,Python-48,1
AQLM,4,Python-49,0
AQLM,4,Python-50,1
AQLM,4,Python-7,1
AQLM,4,Python-8,0
AQLM,4,Python-9,0
AQLM,5,Python-10,1
AQLM,5,Python-11,0
AQLM,5,Python-12,0
AQLM,5,Python-13,0
AQLM,5,Python-14,0
AQLM,5,Python-15,0
AQLM,5,Python-16,0
AQLM,5,Python-17,1
AQLM,5,Python-18,0
AQLM,5,Python-19,1
AQLM,5,Python-20,0
AQLM,5,Python-21,0
AQLM,5,Python-22,0
AQLM,5,Python-24,0
AQLM,5,Python-25,0
AQLM,5,Python-26,0
AQLM,5,Python-27,0
AQLM,5,Python-28,1
AQLM,5,Python-29,0
AQLM,5,Python-31,1
AQLM,5,Python-32,1
AQLM,5,Python-33,0
AQLM,5,Python-34,1
AQLM,5,Python-35,1
AQLM,5,Python-36,1
AQLM,5,Python-37,1
AQLM,5,Python-38,1
AQLM,5,Python-39,0
AQLM,5,Python-40,0
AQLM,5,Python-41,1
AQLM,5,Python-42,0
AQLM,5,Python-43,1
AQLM,5,Python-44,0
AQLM,5,Python-45,1
AQLM,5,Python-46,1
AQLM,5,Python-47,1
AQLM,5,Python-48,1
AQLM,5,Python-49,0
AQLM,5,Python-50,1
AQLM,5,Python-7,1
AQLM,5,Python-8,0
AQLM,5,Python-9,0
AQLM,6,Python-10,1
AQLM,6,Python-11,0
AQLM,6,Python-12,0
AQLM,6,Python-13,0
AQLM,6,Python-14,0
AQLM,6,Python-15,0
AQLM,6,Python-16,0
AQLM,6,Python-17,1
AQLM,6,Python-18,0
AQLM,6,Python-19,1
AQLM,6,Python-20,0
AQLM,6,Python-21,0
AQLM,6,Python-22,0
AQLM,6,Python-24,0
AQLM,6,Python-25,0
AQLM,6,Python-26,0
AQLM,6,Python-27,0
AQLM,6,Python-28,1
AQLM,6,Python-29,0
AQLM,6,Python-31,1
AQLM,6,Python-32,1
AQLM,6,Python-33,0
AQLM,6,Python-34,1
AQLM,6,Python-35,1
AQLM,6,Python-36,1
AQLM,6,Python-37,1
AQLM,6,Python-38,1
AQLM,6,Python-39,0
AQLM,6,Python-40,0
AQLM,6,Python-41,1
AQLM,6,Python-42,0
AQLM,6,Python-43,1
AQLM,6,Python-44,0
AQLM,6,Python-45,1
AQLM,6,Python-46,1
AQLM,6,Python-47,1
AQLM,6,Python-48,1
AQLM,6,Python-49,0
AQLM,6,Python-50,1
AQLM,6,Python-7,1
AQLM,6,Python-8,0
AQLM,6,Python-9,0
AQLM,7,Python-10,1
AQLM,7,Python-11,0
AQLM,7,Python-12,0
AQLM,7,Python-13,0
AQLM,7,Python-14,0
AQLM,7,Python-15,0
AQLM,7,Python-16,0
AQLM,7,Python-17,1
AQLM,7,Python-18,0
AQLM,7,Python-19,1
AQLM,7,Python-20,0
AQLM,7,Python-21,0
AQLM,7,Python-22,0
AQLM,7,Python-24,0
AQLM,7,Python-25,0
AQLM,7,Python-26,0
AQLM,7,Python-27,0
AQLM,7,Python-28,1
AQLM,7,Python-29,0
AQLM,7,Python-31,1
AQLM,7,Python-32,1
AQLM,7,Python-33,0
AQLM,7,Python-34,1
AQLM,7,Python-35,1
AQLM,7,Python-36,1
AQLM,7,Python-37,1
AQLM,7,Python-38,1
AQLM,7,Python-39,0
AQLM,7,Python-40,0
AQLM,7,Python-41,1
AQLM,7,Python-42,0
AQLM,7,Python-43,1
AQLM,7,Python-44,0
AQLM,7,Python-45,1
AQLM,7,Python-46,1
AQLM,7,Python-47,1
AQLM,7,Python-48,1
AQLM,7,Python-49,0
AQLM,7,Python-50,1
AQLM,7,Python-7,1
AQLM,7,Python-8,0
AQLM,7,Python-9,0
AQLM,8,Python-10,1
AQLM,8,Python-11,0
AQLM,8,Python-12,0
AQLM,8,Python-13,0
AQLM,8,Python-14,0
AQLM,8,Python-15,0
AQLM,8,Python-16,0
AQLM,8,Python-17,1
AQLM,8,Python-18,0
AQLM,8,Python-19,1
AQLM,8,Python-20,0
AQLM,8,Python-21,0
AQLM,8,Python-22,0
AQLM,8,Python-24,0
AQLM,8,Python-25,0
AQLM,8,Python-26,0
AQLM,8,Python-27,0
AQLM,8,Python-28,1
AQLM,8,Python-29,0
AQLM,8,Python-31,1
AQLM,8,Python-32,1
AQLM,8,Python-33,0
AQLM,8,Python-34,1
AQLM,8,Python-35,1
AQLM,8,Python-36,1
AQLM,8,Python-37,1
AQLM,8,Python-38,1
AQLM,8,Python-39,0
AQLM,8,Python-40,0
AQLM,8,Python-41,1
AQLM,8,Python-42,0
AQLM,8,Python-43,1
AQLM,8,Python-44,0
AQLM,8,Python-45,1
AQLM,8,Python-46,1
AQLM,8,Python-47,1
AQLM,8,Python-48,1
AQLM,8,Python-49,0
AQLM,8,Python-50,1
AQLM,8,Python-7,1
AQLM,8,Python-8,0
AQLM,8,Python-9,0
AQLM,9,Python-10,1
AQLM,9,Python-11,0
AQLM,9,Python-12,0
AQLM,9,Python-13,0
AQLM,9,Python-14,0
AQLM,9,Python-15,0
AQLM,9,Python-16,0
AQLM,9,Python-17,1
AQLM,9,Python-18,0
AQLM,9,Python-19,1
AQLM,9,Python-20,0
AQLM,9,Python-21,0
AQLM,9,Python-22,0
AQLM,9,Python-24,0
AQLM,9,Python-25,0
AQLM,9,Python-26,0
AQLM,9,Python-27,0
AQLM,9,Python-28,1
AQLM,9,Python-29,0
AQLM,9,Python-31,1
AQLM,9,Python-32,1
AQLM,9,Python-33,0
AQLM,9,Python-34,1
AQLM,9,Python-35,1
AQLM,9,Python-36,1
AQLM,9,Python-37,1
AQLM,9,Python-38,1
AQLM,9,Python-39,0
AQLM,9,Python-40,0
AQLM,9,Python-41,1
AQLM,9,Python-42,0
AQLM,9,Python-43,1
AQLM,9,Python-44,0
AQLM,9,Python-45,1
AQLM,9,Python-46,1
AQLM,9,Python-47,1
AQLM,9,Python-48,1
AQLM,9,Python-49,0
AQLM,9,Python-50,1
AQLM,9,Python-7,1
AQLM,9,Python-8,0
AQLM,9,Python-9,0
AQLM,10,Python-10,1
AQLM,10,Python-11,0
AQLM,10,Python-12,0
AQLM,10,Python-13,0
AQLM,10,Python-14,0
AQLM,10,Python-15,0
AQLM,10,Python-16,0
AQLM,10,Python-17,1
AQLM,10,Python-18,0
AQLM,10,Python-19,1
AQLM,10,Python-20,0
AQLM,10,Python-21,0
AQLM,10,Python-22,0
AQLM,10,Python-24,0
AQLM,10,Python-25,0
AQLM,10,Python-26,0
AQLM,10,Python-27,0
AQLM,10,Python-28,1
AQLM,10,Python-29,0
AQLM,10,Python-31,1
AQLM,10,Python-32,1
AQLM,10,Python-33,0
AQLM,10,Python-34,1
AQLM,10,Python-35,1
AQLM,10,Python-36,1
AQLM,10,Python-37,1
AQLM,10,Python-38,1
AQLM,10,Python-39,0
AQLM,10,Python-40,0
AQLM,10,Python-41,1
AQLM,10,Python-42,0
AQLM,10,Python-43,1
AQLM,10,Python-44,0
AQLM,10,Python-45,1
AQLM,10,Python-46,1
AQLM,10,Python-47,1
AQLM,10,Python-48,1
AQLM,10,Python-49,0
AQLM,10,Python-50,1
AQLM,10,Python-7,1
AQLM,10,Python-8,0
AQLM,10,Python-9,0
QuIP#,1,Python-10,0
QuIP#,1,Python-11,0
QuIP#,1,Python-12,0
QuIP#,1,Python-13,0
QuIP#,1,Python-14,0
QuIP#,1,Python-15,0
QuIP#,1,Python-16,1
QuIP#,1,Python-17,1
QuIP#,1,Python-18,0
QuIP#,1,Python-19,0
QuIP#,1,Python-20,0
QuIP#,1,Python-21,0
QuIP#,1,Python-22,0
QuIP#,1,Python-24,0
QuIP#,1,Python-25,0
QuIP#,1,Python-26,1
QuIP#,1,Python-27,0
QuIP#,1,Python-28,1
QuIP#,1,Python-29,0
QuIP#,1,Python-31,0
QuIP#,1,Python-32,1
QuIP#,1,Python-33,0
QuIP#,1,Python-34,1
QuIP#,1,Python-35,0
QuIP#,1,Python-36,0
QuIP#,1,Python-37,1
QuIP#,1,Python-38,1
QuIP#,1,Python-39,0
QuIP#,1,Python-40,0
QuIP#,1,Python-41,1
QuIP#,1,Python-42,0
QuIP#,1,Python-43,1
QuIP#,1,Python-44,0
QuIP#,1,Python-45,1
QuIP#,1,Python-46,0
QuIP#,1,Python-47,1
QuIP#,1,Python-48,0
QuIP#,1,Python-49,1
QuIP#,1,Python-50,1
QuIP#,1,Python-7,1
QuIP#,1,Python-8,0
QuIP#,1,Python-9,0
QuIP#,2,Python-10,0
QuIP#,2,Python-11,0
QuIP#,2,Python-12,0
QuIP#,2,Python-13,0
QuIP#,2,Python-14,0
QuIP#,2,Python-15,0
QuIP#,2,Python-16,1
QuIP#,2,Python-17,1
QuIP#,2,Python-18,0
QuIP#,2,Python-19,0
QuIP#,2,Python-20,0
QuIP#,2,Python-21,0
QuIP#,2,Python-22,0
QuIP#,2,Python-24,0
QuIP#,2,Python-25,0
QuIP#,2,Python-26,1
QuIP#,2,Python-27,0
QuIP#,2,Python-28,1
QuIP#,2,Python-29,0
QuIP#,2,Python-31,0
QuIP#,2,Python-32,1
QuIP#,2,Python-33,0
QuIP#,2,Python-34,1
QuIP#,2,Python-35,0
QuIP#,2,Python-36,0
QuIP#,2,Python-37,1
QuIP#,2,Python-38,1
QuIP#,2,Python-39,0
QuIP#,2,Python-40,0
QuIP#,2,Python-41,1
QuIP#,2,Python-42,0
QuIP#,2,Python-43,1
QuIP#,2,Python-44,0
QuIP#,2,Python-45,1
QuIP#,2,Python-46,0
QuIP#,2,Python-47,1
QuIP#,2,Python-48,0
QuIP#,2,Python-49,1
QuIP#,2,Python-50,1
QuIP#,2,Python-7,1
QuIP#,2,Python-8,0
QuIP#,2,Python-9,0
QuIP#,3,Python-10,0
QuIP#,3,Python-11,0
QuIP#,3,Python-12,0
QuIP#,3,Python-13,0
QuIP#,3,Python-14,0
QuIP#,3,Python-15,0
QuIP#,3,Python-16,1
QuIP#,3,Python-17,1
QuIP#,3,Python-18,0
QuIP#,3,Python-19,0
QuIP#,3,Python-20,0
QuIP#,3,Python-21,0
QuIP#,3,Python-22,0
QuIP#,3,Python-24,0
QuIP#,3,Python-25,0
QuIP#,3,Python-26,1
QuIP#,3,Python-27,0
QuIP#,3,Python-28,1
QuIP#,3,Python-29,0
QuIP#,3,Python-31,0
QuIP#,3,Python-32,1
QuIP#,3,Python-33,0
QuIP#,3,Python-34,1
QuIP#,3,Python-35,0
QuIP#,3,Python-36,0
QuIP#,3,Python-37,1
QuIP#,3,Python-38,1
QuIP#,3,Python-39,0
QuIP#,3,Python-40,0
QuIP#,3,Python-41,1
QuIP#,3,Python-42,0
QuIP#,3,Python-43,1
QuIP#,3,Python-44,0
QuIP#,3,Python-45,1
QuIP#,3,Python-46,0
QuIP#,3,Python-47,1
QuIP#,3,Python-48,0
QuIP#,3,Python-49,1
QuIP#,3,Python-50,1
QuIP#,3,Python-7,1
QuIP#,3,Python-8,0
QuIP#,3,Python-9,0
QuIP#,4,Python-10,0
QuIP#,4,Python-11,0
QuIP#,4,Python-12,0
QuIP#,4,Python-13,0
QuIP#,4,Python-14,0
QuIP#,4,Python-15,0
QuIP#,4,Python-16,1
QuIP#,4,Python-17,1
QuIP#,4,Python-18,0
QuIP#,4,Python-19,0
QuIP#,4,Python-20,0
QuIP#,4,Python-21,0
QuIP#,4,Python-22,0
QuIP#,4,Python-24,0
QuIP#,4,Python-25,0
QuIP#,4,Python-26,1
QuIP#,4,Python-27,0
QuIP#,4,Python-28,1
QuIP#,4,Python-29,0
QuIP#,4,Python-31,0
QuIP#,4,Python-32,1
QuIP#,4,Python-33,0
QuIP#,4,Python-34,1
QuIP#,4,Python-35,0
QuIP#,4,Python-36,0
QuIP#,4,Python-37,1
QuIP#,4,Python-38,1
QuIP#,4,Python-39,0
QuIP#,4,Python-40,0
QuIP#,4,Python-41,1
QuIP#,4,Python-42,0
QuIP#,4,Python-43,1
QuIP#,4,Python-44,0
QuIP#,4,Python-45,1
QuIP#,4,Python-46,0
QuIP#,4,Python-47,1
QuIP#,4,Python-48,0
QuIP#,4,Python-49,1
QuIP#,4,Python-50,1
QuIP#,4,Python-7,1
QuIP#,4,Python-8,0
QuIP#,4,Python-9,0
QuIP#,5,Python-10,0
QuIP#,5,Python-11,0
QuIP#,5,Python-12,0
QuIP#,5,Python-13,0
QuIP#,5,Python-14,0
QuIP#,5,Python-15,0
QuIP#,5,Python-16,1
QuIP#,5,Python-17,1
QuIP#,5,Python-18,0
QuIP#,5,Python-19,0
QuIP#,5,Python-20,0
QuIP#,5,Python-21,0
QuIP#,5,Python-22,0
QuIP#,5,Python-24,0
QuIP#,5,Python-25,0
QuIP#,5,Python-26,1
QuIP#,5,Python-27,0
QuIP#,5,Python-28,1
QuIP#,5,Python-29,0
QuIP#,5,Python-31,0
QuIP#,5,Python-32,1
QuIP#,5,Python-33,0
QuIP#,5,Python-34,1
QuIP#,5,Python-35,0
QuIP#,5,Python-36,0
QuIP#,5,Python-37,1
QuIP#,5,Python-38,1
QuIP#,5,Python-39,0
QuIP#,5,Python-40,0
QuIP#,5,Python-41,1
QuIP#,5,Python-42,0
QuIP#,5,Python-43,1
QuIP#,5,Python-44,0
QuIP#,5,Python-45,1
QuIP#,5,Python-46,0
QuIP#,5,Python-47,1
QuIP#,5,Python-48,0
QuIP#,5,Python-49,1
QuIP#,5,Python-50,1
QuIP#,5,Python-7,1
QuIP#,5,Python-8,0
QuIP#,5,Python-9,0
QuIP#,6,Python-10,0
QuIP#,6,Python-11,0
QuIP#,6,Python-12,0
QuIP#,6,Python-13,0
QuIP#,6,Python-14,0
QuIP#,6,Python-15,0
QuIP#,6,Python-16,1
QuIP#,6,Python-17,1
QuIP#,6,Python-18,0
QuIP#,6,Python-19,0
QuIP#,6,Python-20,0
QuIP#,6,Python-21,0
QuIP#,6,Python-22,0
QuIP#,6,Python-24,0
QuIP#,6,Python-25,0
QuIP#,6,Python-26,1
QuIP#,6,Python-27,0
QuIP#,6,Python-28,1
QuIP#,6,Python-29,0
QuIP#,6,Python-31,0
QuIP#,6,Python-32,1
QuIP#,6,Python-33,0
QuIP#,6,Python-34,1
QuIP#,6,Python-35,0
QuIP#,6,Python-36,0
QuIP#,6,Python-37,1
QuIP#,6,Python-38,1
QuIP#,6,Python-39,0
QuIP#,6,Python-40,0
QuIP#,6,Python-41,1
QuIP#,6,Python-42,0
QuIP#,6,Python-43,1
QuIP#,6,Python-44,0
QuIP#,6,Python-45,1
QuIP#,6,Python-46,0
QuIP#,6,Python-47,1
QuIP#,6,Python-48,0
QuIP#,6,Python-49,1
QuIP#,6,Python-50,1
QuIP#,6,Python-7,1
QuIP#,6,Python-8,0
QuIP#,6,Python-9,0
QuIP#,7,Python-10,0
QuIP#,7,Python-11,0
QuIP#,7,Python-12,0
QuIP#,7,Python-13,0
QuIP#,7,Python-14,0
QuIP#,7,Python-15,0
QuIP#,7,Python-16,1
QuIP#,7,Python-17,1
QuIP#,7,Python-18,0
QuIP#,7,Python-19,0
QuIP#,7,Python-20,0
QuIP#,7,Python-21,0
QuIP#,7,Python-22,0
QuIP#,7,Python-24,0
QuIP#,7,Python-25,0
QuIP#,7,Python-26,1
QuIP#,7,Python-27,0
QuIP#,7,Python-28,1
QuIP#,7,Python-29,0
QuIP#,7,Python-31,0
QuIP#,7,Python-32,1
QuIP#,7,Python-33,0
QuIP#,7,Python-34,1
QuIP#,7,Python-35,0
QuIP#,7,Python-36,0
QuIP#,7,Python-37,1
QuIP#,7,Python-38,1
QuIP#,7,Python-39,0
QuIP#,7,Python-40,0
QuIP#,7,Python-41,1
QuIP#,7,Python-42,0
QuIP#,7,Python-43,1
QuIP#,7,Python-44,0
QuIP#,7,Python-45,1
QuIP#,7,Python-46,0
QuIP#,7,Python-47,1
QuIP#,7,Python-48,0
QuIP#,7,Python-49,1
QuIP#,7,Python-50,1
QuIP#,7,Python-7,1
QuIP#,7,Python-8,0
QuIP#,7,Python-9,0
QuIP#,8,Python-10,0
QuIP#,8,Python-11,0
QuIP#,8,Python-12,0
QuIP#,8,Python-13,0
QuIP#,8,Python-14,0
QuIP#,8,Python-15,0
QuIP#,8,Python-16,1
QuIP#,8,Python-17,1
QuIP#,8,Python-18,0
QuIP#,8,Python-19,0
QuIP#,8,Python-20,0
QuIP#,8,Python-21,0
QuIP#,8,Python-22,0
QuIP#,8,Python-24,0
QuIP#,8,Python-25,0
QuIP#,8,Python-26,1
QuIP#,8,Python-27,0
QuIP#,8,Python-28,1
QuIP#,8,Python-29,0
QuIP#,8,Python-31,0
QuIP#,8,Python-32,1
QuIP#,8,Python-33,0
QuIP#,8,Python-34,1
QuIP#,8,Python-35,0
QuIP#,8,Python-36,0
QuIP#,8,Python-37,1
QuIP#,8,Python-38,1
QuIP#,8,Python-39,0
QuIP#,8,Python-40,0
QuIP#,8,Python-41,1
QuIP#,8,Python-42,0
QuIP#,8,Python-43,1
QuIP#,8,Python-44,0
QuIP#,8,Python-45,1
QuIP#,8,Python-46,0
QuIP#,8,Python-47,1
QuIP#,8,Python-48,0
QuIP#,8,Python-49,1
QuIP#,8,Python-50,1
QuIP#,8,Python-7,1
QuIP#,8,Python-8,0
QuIP#,8,Python-9,0
QuIP#,9,Python-10,0
QuIP#,9,Python-11,0
QuIP#,9,Python-12,0
QuIP#,9,Python-13,0
QuIP#,9,Python-14,0
QuIP#,9,Python-15,0
QuIP#,9,Python-16,1
QuIP#,9,Python-17,1
QuIP#,9,Python-18,0
QuIP#,9,Python-19,0
QuIP#,9,Python-20,0
QuIP#,9,Python-21,0
QuIP#,9,Python-22,0
QuIP#,9,Python-24,0
QuIP#,9,Python-25,0
QuIP#,9,Python-26,1
QuIP#,9,Python-27,0
QuIP#,9,Python-28,1
QuIP#,9,Python-29,0
QuIP#,9,Python-31,0
QuIP#,9,Python-32,1
QuIP#,9,Python-33,0
QuIP#,9,Python-34,1
QuIP#,9,Python-35,0
QuIP#,9,Python-36,0
QuIP#,9,Python-37,1
QuIP#,9,Python-38,1
QuIP#,9,Python-39,0
QuIP#,9,Python-40,0
QuIP#,9,Python-41,1
QuIP#,9,Python-42,0
QuIP#,9,Python-43,1
QuIP#,9,Python-44,0
QuIP#,9,Python-45,1
QuIP#,9,Python-46,0
QuIP#,9,Python-47,1
QuIP#,9,Python-48,0
QuIP#,9,Python-49,1
QuIP#,9,Python-50,1
QuIP#,9,Python-7,1
QuIP#,9,Python-8,0
QuIP#,9,Python-9,0
QuIP#,10,Python-10,0
QuIP#,10,Python-11,0
QuIP#,10,Python-12,0
QuIP#,10,Python-13,0
QuIP#,10,Python-14,0
QuIP#,10,Python-15,0
QuIP#,10,Python-16,1
QuIP#,10,Python-17,1
QuIP#,10,Python-18,0
QuIP#,10,Python-19,0
QuIP#,10,Python-20,0
QuIP#,10,Python-21,0
QuIP#,10,Python-22,0
QuIP#,10,Python-24,0
QuIP#,10,Python-25,0
QuIP#,10,Python-26,1
QuIP#,10,Python-27,0
QuIP#,10,Python-28,1
QuIP#,10,Python-29,0
QuIP#,10,Python-31,0
QuIP#,10,Python-32,1
QuIP#,10,Python-33,0
QuIP#,10,Python-34,1
QuIP#,10,Python-35,0
QuIP#,10,Python-36,0
QuIP#,10,Python-37,1
QuIP#,10,Python-38,1
QuIP#,10,Python-39,0
QuIP#,10,Python-40,0
QuIP#,10,Python-41,1
QuIP#,10,Python-42,0
QuIP#,10,Python-43,1
QuIP#,10,Python-44,0
QuIP#,10,Python-45,1
QuIP#,10,Python-46,0
QuIP#,10,Python-47,1
QuIP#,10,Python-48,0
QuIP#,10,Python-49,1
QuIP#,10,Python-50,1
QuIP#,10,Python-7,1
QuIP#,10,Python-8,0
QuIP#,10,Python-9,0
