task_id,benchmark,entropy,length_words,bucket
Python-7,McEval,6.047734536501066,143,High
Python-8,McEval,6.515546702638959,168,High
Python-9,McEval,5.5982408422932854,72,Low
Python-10,McEval,5.717777969118141,104,Low
Python-11,McEval,4.5342190211803395,46,Low
Python-12,McEval,5.088343091584564,56,Low
Python-13,McEval,5.9668625097932795,209,High
Python-14,McEval,5.47775192497188,117,Low
Python-15,McEval,6.211410059540001,180,High
Python-16,McEval,5.619173550875148,108,Low
Python-17,McEval,6.002494949089661,131,High
Python-18,McEval,6.176090756258256,154,High
Python-19,McEval,5.845991320209795,194,High
Python-20,McEval,6.166014759168177,190,High
Python-21,McEval,6.28505921477374,181,High
Python-22,McEval,5.895053312282227,115,High
Python-24,McEval,5.489097917988789,72,Low
Python-25,McEval,5.969420322642397,123,High
Python-26,McEval,6.43597055971993,176,High
Python-27,McEval,4.701649204701855,55,Low
Python-28,McEval,6.340000469274778,171,High
Python-29,McEval,5.449921476841497,84,Low
Python-31,McEval,6.154993393414601,119,High
Python-32,McEval,6.169959241661733,145,High
Python-33,McEval,6.0875511650878416,159,High
Python-34,McEval,6.114927575278051,120,High
Python-35,McEval,6.045254488359304,114,High
Python-36,McEval,5.933616513860071,122,High
Python-37,McEval,6.156158963944677,148,High
Python-38,McEval,5.990666029766546,136,High
Python-39,McEval,5.785598472617634,107,High
Python-40,McEval,5.713920988003153,106,Low
Python-41,McEval,6.000371132229235,111,High
Python-42,McEval,6.1277395933819285,176,High
Python-43,McEval,5.876266282363946,127,High
Python-44,McEval,6.19233932785371,145,High
Python-45,McEval,5.785645501278758,94,High
Python-46,McEval,5.063310944910957,65,Low
Python-47,McEval,6.13893429278745,133,High
Python-48,McEval,5.9722771340858865,118,High
Python-49,McEval,5.9489514307636755,159,High
Python-50,McEval,5.185474480347638,74,Low
62e60f43d76274f8a4026e28,CoderEval,3.0,8,Low
62e60f3bd76274f8a4026e10,CoderEval,3.121928094887362,10,Low
62e60f37d76274f8a4026dfd,CoderEval,3.277613436819116,11,Low
62e60f33d76274f8a4026de9,CoderEval,3.321928094887362,10,Low
62e60ed4d76274f8a4026da0,CoderEval,3.121928094887362,10,Low
62e60e49d76274f8a4026d25,CoderEval,3.0,8,Low
62e60e05d76274f8a4026cfd,CoderEval,2.75,8,Low
62e60da4d76274f8a4026cf1,CoderEval,3.418295834054489,12,Low
62e60b10d76274f8a4026ccd,CoderEval,3.188721875540867,12,Low
62e6087bd76274f8a4026bfa,CoderEval,3.169925001442312,9,Low
62e6087ad76274f8a4026bf2,CoderEval,5.639918868179257,97,Low
62e60879d76274f8a4026bec,CoderEval,6.038428083135094,141,High
62e60723d76274f8a4026b75,CoderEval,2.0,4,Low
62e60707d76274f8a4026b69,CoderEval,2.0,4,Low
62e5dc9ed76274f8a4026b5b,CoderEval,3.169925001442312,9,Low
62e4fbda85ea986430890405,CoderEval,2.584962500721156,6,Low
62e4fbda85ea986430890403,CoderEval,2.75,8,Low
62e4fb6585ea98643089032b,CoderEval,3.418295834054489,12,Low
62e4fb4d85ea9864308902e7,CoderEval,3.7004397181410926,13,Low
62b8d27a48ba5a41d1c3f4c6,CoderEval,3.277613436819116,11,Low
62b8d24048ba5a41d1c3f49f,CoderEval,4.444187891679296,29,Low
62b8d23b48ba5a41d1c3f49a,CoderEval,4.229871195093384,23,Low
62b8d23948ba5a41d1c3f498,CoderEval,4.229871195093384,23,Low
62b8d23748ba5a41d1c3f496,CoderEval,4.229871195093384,23,Low
62b8d22f48ba5a41d1c3f488,CoderEval,3.5724312513221195,18,Low
62b8d22a48ba5a41d1c3f47e,CoderEval,3.6573852766501784,26,Low
62b8d22948ba5a41d1c3f47c,CoderEval,3.681880802803402,19,Low
62b8d22548ba5a41d1c3f472,CoderEval,3.418295834054489,12,Low
62b8b59feb7e40a82d2d1291,CoderEval,3.6644977792004623,14,Low
62b8b590eb7e40a82d2d1275,CoderEval,3.906890595608518,15,Low
62b8b58deb7e40a82d2d1269,CoderEval,3.773557262275185,15,Low
62b8b559eb7e40a82d2d11f8,CoderEval,3.0,8,Low
62b8b4b9eb7e40a82d2d1134,CoderEval,3.121928094887362,10,Low
62b8b416eb7e40a82d2d1129,CoderEval,2.807354922057604,7,Low
62b8b3d6eb7e40a82d2d111c,CoderEval,4.277613436819114,22,Low
62b8b3d5eb7e40a82d2d1110,CoderEval,3.459431618637298,11,Low
62b8b3d4eb7e40a82d2d110f,CoderEval,3.321928094887362,10,Low
62b8b3d4eb7e40a82d2d110e,CoderEval,3.773557262275185,15,Low
62b8b3d4eb7e40a82d2d110d,CoderEval,3.321928094887362,10,Low
62b87b989a0c4fa8b80b35ee,CoderEval,4.1219280948873624,20,Low
62b87b859a0c4fa8b80b35d7,CoderEval,5.742204444675835,79,Low
62b87b839a0c4fa8b80b35cb,CoderEval,2.807354922057604,7,Low
62b87b7e9a0c4fa8b80b35bc,CoderEval,6.135284950276797,95,High
62b87b4f9a0c4fa8b80b3580,CoderEval,2.5216406363433186,7,Low
62b87b199a0c4fa8b80b354e,CoderEval,3.584962500721156,12,Low
62b87b099a0c4fa8b80b3538,CoderEval,3.277613436819116,11,Low
62b87af99a0c4fa8b80b3524,CoderEval,2.94770277922009,9,Low
62b87af69a0c4fa8b80b351a,CoderEval,3.277613436819116,11,Low
62b87af19a0c4fa8b80b34f7,CoderEval,3.459431618637298,11,Low
62b87af09a0c4fa8b80b34f1,CoderEval,3.640223928941851,15,Low
62b86aa3b4d922cb0e688d36,CoderEval,3.5465935642949384,13,Low
62b86a9eb4d922cb0e688d25,CoderEval,3.589898095464287,15,Low
62b86a4fb4d922cb0e688cf8,CoderEval,2.94770277922009,9,Low
62b86a4fb4d922cb0e688cf7,CoderEval,2.94770277922009,9,Low
62b86a01b4d922cb0e688ccc,CoderEval,4.607264455478377,31,Low
62b869ebb4d922cb0e688cc6,CoderEval,5.215936788508254,56,Low
62b869eab4d922cb0e688cc5,CoderEval,5.327737457054584,69,Low
62b869eab4d922cb0e688cbf,CoderEval,4.106603137064473,21,Low
62b45df05108cfac7f2109ce,CoderEval,3.584962500721156,12,Low
62b45df15108cfac7f2109dc,CoderEval,3.975418017913832,21,Low
62b45df15108cfac7f2109dd,CoderEval,2.75,8,Low
62b45e145108cfac7f210a07,CoderEval,5.088779347361359,46,Low
62b45e145108cfac7f210a09,CoderEval,3.8521687236032816,17,Low
62b45e165108cfac7f210a16,CoderEval,5.136297540774118,45,Low
62b45e165108cfac7f210a17,CoderEval,3.09306920777189,14,Low
62b45e175108cfac7f210a19,CoderEval,4.28022625367366,29,Low
62b463153879012d19481498,CoderEval,2.584962500721156,6,Low
62b463153879012d1948149a,CoderEval,3.321928094887362,10,Low
62b463153879012d1948149b,CoderEval,4.001629167387823,24,Low
62b463153879012d1948149c,CoderEval,3.7004397181410926,13,Low
62b463153879012d1948149d,CoderEval,3.169925001442312,9,Low
62b463153879012d1948149f,CoderEval,4.290752091377512,61,Low
62b463153879012d194814a1,CoderEval,3.4056390622295662,16,Low
62b463163879012d194814a2,CoderEval,3.4056390622295662,16,Low
62b463163879012d194814a4,CoderEval,3.0,8,Low
62b463163879012d194814a6,CoderEval,2.75,8,Low
62b4631b3879012d194814dd,CoderEval,2.584962500721156,6,Low
62b463283879012d1948153d,CoderEval,3.188721875540867,12,Low
62b463303879012d19481579,CoderEval,3.3927474104487847,13,Low
62b46740d2f69a53b466171a,CoderEval,4.459431618637295,22,Low
62b46746d2f69a53b4661722,CoderEval,3.6644977792004623,14,Low
62b86707b4d922cb0e688c2a,CoderEval,3.5724312513221195,18,Low
62b86729b4d922cb0e688c2f,CoderEval,4.169925001442312,18,Low
62b8a4a4755ee91dce50a3d2,CoderEval,3.125,16,Low
62b8982f755ee91dce50a241,CoderEval,2.807354922057604,7,Low
62b89640755ee91dce50a114,CoderEval,3.0,8,Low
62b87d24d292efb640a55670,CoderEval,3.577819531114783,16,Low
62b87d24d292efb640a5566f,CoderEval,3.2516291673878226,12,Low
62b87d24d292efb640a5566d,CoderEval,3.5465935642949384,13,Low
62b87d23d292efb640a5566b,CoderEval,2.0,4,Low
62b87d23d292efb640a55668,CoderEval,3.321928094887362,10,Low
62b87d23d292efb640a55667,CoderEval,3.418295834054489,12,Low
62b45e945108cfac7f210a4a,CoderEval,4.088779347361362,23,Low
62b45e515108cfac7f210a3c,CoderEval,3.0,8,Low
62b45e2eb89c9fd354170232,CoderEval,2.807354922057604,7,Low
62b45e23e0d4551b0392c90a,CoderEval,5.40399812257623,55,Low
62b45e21e0d4551b0392c8ed,CoderEval,3.418295834054489,12,Low
62b4567ed7d32e5b55cc83d9,CoderEval,4.363713275750188,26,Low
62b4567ad7d32e5b55cc83af,CoderEval,4.142664355548846,19,Low
62b45679d7d32e5b55cc83a9,CoderEval,3.584962500721156,12,Low
62b45665d7d32e5b55cc8365,CoderEval,3.0,8,Low
62b45665d7d32e5b55cc8364,CoderEval,5.381145066164258,66,Low
62b438b666fea644fe22cc78,CoderEval,4.142664355548846,19,Low
62b438b666fea644fe22cc72,CoderEval,3.584962500721156,12,Low
62b438a266fea644fe22cc2e,CoderEval,4.735926350629034,28,Low
62b438a266fea644fe22cc2d,CoderEval,5.381145066164258,66,Low
62ece4982e6aefcf4aabbd5f,CoderEval,4.707714802597437,35,Low
62ece4982e6aefcf4aabbd60,CoderEval,4.026986833359286,26,Low
62ece4982e6aefcf4aabbd61,CoderEval,4.8647266763812915,37,Low
62ece4982e6aefcf4aabbd62,CoderEval,4.519999987133629,37,Low
62ece4982e6aefcf4aabbd63,CoderEval,4.440223928941852,30,Low
62ece4982e6aefcf4aabbd64,CoderEval,3.5465935642949384,13,Low
62ece4982e6aefcf4aabbd65,CoderEval,4.001822825622231,23,Low
62ece4982e6aefcf4aabbd66,CoderEval,5.622120364790457,101,Low
62ece4982e6aefcf4aabbd67,CoderEval,5.053795851142774,55,Low
62ece4982e6aefcf4aabbd69,CoderEval,3.1219280948873624,10,Low
62ece4982e6aefcf4aabbd6a,CoderEval,4.1619781796795525,26,Low
62ece4982e6aefcf4aabbd6b,CoderEval,2.807354922057604,7,Low
62ece4982e6aefcf4aabbd6f,CoderEval,4.836080318455743,45,Low
62ece4982e6aefcf4aabbd70,CoderEval,3.5465935642949384,13,Low
62ece4982e6aefcf4aabbd71,CoderEval,4.668169992264658,41,Low
62ece4982e6aefcf4aabbd72,CoderEval,3.807763576417195,17,Low
62ece4982e6aefcf4aabbd73,CoderEval,5.094551758782523,55,Low
62ece4982e6aefcf4aabbd74,CoderEval,5.2898807340435186,51,Low
62ece4982e6aefcf4aabbd76,CoderEval,4.15565155225257,31,Low
62ece4982e6aefcf4aabbd77,CoderEval,5.142824886638043,55,Low
62ece4992e6aefcf4aabbd78,CoderEval,4.514101654930177,36,Low
62ece4992e6aefcf4aabbd79,CoderEval,4.257756064128516,26,Low
62ece4992e6aefcf4aabbd7a,CoderEval,4.142664355548847,19,Low
62ece4992e6aefcf4aabbd7b,CoderEval,5.03418371977919,40,Low
62ece4992e6aefcf4aabbd7c,CoderEval,4.201841232302569,21,Low
62ece4992e6aefcf4aabbd7d,CoderEval,5.122002213406649,55,Low
62ece4992e6aefcf4aabbd7e,CoderEval,4.629249223856036,38,Low
62ece4992e6aefcf4aabbd7f,CoderEval,4.3927474104487825,26,Low
62ece4992e6aefcf4aabbd80,CoderEval,4.942782734610331,47,Low
62ece4992e6aefcf4aabbd82,CoderEval,4.298068512058839,30,Low
62ece4992e6aefcf4aabbd83,CoderEval,4.303508854797679,24,Low
62ece4992e6aefcf4aabbd84,CoderEval,3.75,16,Low
62ece4992e6aefcf4aabbd85,CoderEval,5.23100637484136,58,Low
62ece4992e6aefcf4aabbd86,CoderEval,3.6143694458867563,18,Low
62ece4992e6aefcf4aabbd87,CoderEval,4.75,32,Low
62ece4992e6aefcf4aabbd88,CoderEval,4.042433003725894,31,Low
62ece4992e6aefcf4aabbd8a,CoderEval,5.321297024298045,59,Low
62ece4992e6aefcf4aabbd8b,CoderEval,4.843568731230678,35,Low
62b87b199a0c4fa8b80b354c,CoderEval,3.9841837197791885,20,Low
62b87b4f9a0c4fa8b80b3581,CoderEval,5.701855058082746,83,Low
62b87b519a0c4fa8b80b3583,CoderEval,5.74720412788343,87,Low
62b87b869a0c4fa8b80b35e1,CoderEval,6.423575493312973,169,High
62b8b4baeb7e40a82d2d1136,CoderEval,6.233395960482107,155,High
62b8b4baeb7e40a82d2d1137,CoderEval,6.233395960482107,155,High
62b8b4c1eb7e40a82d2d1139,CoderEval,3.0,8,Low
62b8b559eb7e40a82d2d11f6,CoderEval,3.169925001442312,9,Low
62b8d22a48ba5a41d1c3f47d,CoderEval,4.373660689688184,25,Low
62b8d23748ba5a41d1c3f497,CoderEval,3.321928094887362,10,Low
62b8d23a48ba5a41d1c3f499,CoderEval,3.321928094887362,10,Low
62b8d23c48ba5a41d1c3f49b,CoderEval,3.321928094887362,10,Low
62b8d23e48ba5a41d1c3f49e,CoderEval,3.8073549220576055,14,Low
62b8a7b2755ee91dce50a4a7,CoderEval,6.118728136590109,105,High
6305f9991d275c6667163c50,CoderEval,4.01136504182638,21,Low
6306292052e177c0ba469f09,CoderEval,4.723874164623654,44,Low
6306292152e177c0ba469f0d,CoderEval,4.037401197654111,19,Low
6306292252e177c0ba469f11,CoderEval,3.4677201004745006,14,Low
6306292352e177c0ba469f1d,CoderEval,4.905974696849667,45,Low
6306292352e177c0ba469f1e,CoderEval,3.459431618637298,11,Low
6306292652e177c0ba469f34,CoderEval,3.027169118440619,11,Low
6306292a52e177c0ba469f41,CoderEval,4.21126073643228,29,Low
6306298b52e177c0ba469fdc,CoderEval,3.7004397181410926,13,Low
6306299052e177c0ba469fe8,CoderEval,3.773557262275185,15,Low
630629b952e177c0ba46a043,CoderEval,3.459431618637298,11,Low
630629d052e177c0ba46a0a1,CoderEval,3.969815782426811,17,Low
630629e052e177c0ba46a0c4,CoderEval,3.8212963336848613,28,Low
630629e152e177c0ba46a0d1,CoderEval,3.7004397181410926,13,Low
630629e152e177c0ba46a0d2,CoderEval,3.969815782426811,17,Low
630629e252e177c0ba46a0d6,CoderEval,3.906890595608518,15,Low
630629e752e177c0ba46a0fb,CoderEval,3.169925001442312,9,Low
6306091073426c38ae68acac,CoderEval,4.918564346232594,74,Low
6306091a73426c38ae68acc8,CoderEval,3.321928094887362,10,Low
6306092973426c38ae68ad01,CoderEval,3.121928094887362,10,Low
6306092c73426c38ae68ad02,CoderEval,3.788754913993503,22,Low
6306092d73426c38ae68ad04,CoderEval,3.8868421881310122,24,Low
6306092d73426c38ae68ad05,CoderEval,3.702819531114783,16,Low
6306092d73426c38ae68ad06,CoderEval,3.6644977792004623,14,Low
6306092d73426c38ae68ad08,CoderEval,4.4575751596784805,35,Low
6306092e73426c38ae68ad0d,CoderEval,4.501629167387823,24,Low
6306092e73426c38ae68ad0f,CoderEval,5.400432302535628,70,Low
6306092f73426c38ae68ad13,CoderEval,5.02322500208334,54,Low
6306093273426c38ae68ad15,CoderEval,5.030633374059374,45,Low
63060ada73426c38ae68ad31,CoderEval,4.8625759375402735,33,Low
63060b1a73426c38ae68ad3e,CoderEval,3.640223928941851,15,Low
63060b1b73426c38ae68ad42,CoderEval,3.7004397181410926,13,Low
BigCodeBench/0,BigCodeBench,5.530834946866853,84,Low
BigCodeBench/1,BigCodeBench,5.570605491680631,91,Low
BigCodeBench/2,BigCodeBench,5.39240711859288,76,Low
BigCodeBench/3,BigCodeBench,5.707071951051538,93,Low
BigCodeBench/4,BigCodeBench,5.683022406442536,103,Low
BigCodeBench/5,BigCodeBench,5.859997203270879,117,High
BigCodeBench/6,BigCodeBench,5.794017450226483,106,High
BigCodeBench/7,BigCodeBench,6.0042335007312415,128,High
BigCodeBench/8,BigCodeBench,5.604600085032655,97,Low
BigCodeBench/9,BigCodeBench,5.759183719779186,80,High
BigCodeBench/10,BigCodeBench,5.702506208490507,122,Low
BigCodeBench/11,BigCodeBench,5.573616233098202,84,Low
BigCodeBench/12,BigCodeBench,5.924581528800371,119,High
BigCodeBench/13,BigCodeBench,6.074484923516686,182,High
BigCodeBench/14,BigCodeBench,5.981065292764432,126,High
BigCodeBench/15,BigCodeBench,5.940381358078006,132,High
BigCodeBench/16,BigCodeBench,5.726365840889877,90,Low
BigCodeBench/17,BigCodeBench,5.627261916749114,84,Low
BigCodeBench/18,BigCodeBench,5.994341525428115,108,High
BigCodeBench/19,BigCodeBench,5.59861463155189,84,Low
BigCodeBench/20,BigCodeBench,5.785581065670064,73,High
BigCodeBench/21,BigCodeBench,6.3477327486943445,118,High
BigCodeBench/22,BigCodeBench,5.883947614028524,95,High
BigCodeBench/23,BigCodeBench,6.103734019716198,119,High
BigCodeBench/24,BigCodeBench,5.718580852071095,87,Low
BigCodeBench/25,BigCodeBench,5.35390925890053,55,Low
BigCodeBench/26,BigCodeBench,5.203723326306538,62,Low
BigCodeBench/27,BigCodeBench,5.958428213195632,94,High
BigCodeBench/28,BigCodeBench,5.519454882778696,64,Low
BigCodeBench/29,BigCodeBench,5.3312708498489565,55,Low
BigCodeBench/30,BigCodeBench,6.35185787537703,129,High
BigCodeBench/31,BigCodeBench,6.0045868704750545,116,High
BigCodeBench/32,BigCodeBench,5.34499607716102,55,Low
BigCodeBench/33,BigCodeBench,5.332505338219005,70,Low
BigCodeBench/34,BigCodeBench,5.4678720856127425,76,Low
BigCodeBench/35,BigCodeBench,5.68081261591593,74,Low
BigCodeBench/36,BigCodeBench,6.119522262948256,90,High
BigCodeBench/37,BigCodeBench,5.882293009861487,132,High
BigCodeBench/38,BigCodeBench,6.105239648336088,128,High
BigCodeBench/39,BigCodeBench,6.604894255582911,189,High
BigCodeBench/40,BigCodeBench,5.953782293776776,98,High
BigCodeBench/41,BigCodeBench,5.5829157999632795,72,Low
BigCodeBench/42,BigCodeBench,6.115105096002669,161,High
BigCodeBench/43,BigCodeBench,6.012469766009996,104,High
BigCodeBench/44,BigCodeBench,5.522665866803593,62,Low
BigCodeBench/45,BigCodeBench,5.931395275684769,116,High
BigCodeBench/46,BigCodeBench,5.839826738065285,78,High
BigCodeBench/47,BigCodeBench,5.457361074259227,63,Low
BigCodeBench/48,BigCodeBench,5.768237889460179,83,High
BigCodeBench/49,BigCodeBench,6.024949195643151,147,High
BigCodeBench/50,BigCodeBench,6.239213698526966,149,High
BigCodeBench/51,BigCodeBench,6.293977741711068,158,High
BigCodeBench/52,BigCodeBench,5.573557262275184,60,Low
BigCodeBench/53,BigCodeBench,6.1249664416572855,105,High
BigCodeBench/54,BigCodeBench,5.667146239131575,71,Low
BigCodeBench/55,BigCodeBench,6.173917717066745,139,High
BigCodeBench/56,BigCodeBench,5.590493280150367,61,Low
BigCodeBench/57,BigCodeBench,5.617906912780069,74,Low
BigCodeBench/58,BigCodeBench,5.638977225047069,71,Low
BigCodeBench/59,BigCodeBench,5.416375676407144,59,Low
BigCodeBench/60,BigCodeBench,5.225186429663007,45,Low
BigCodeBench/61,BigCodeBench,6.043874935061024,147,High
BigCodeBench/62,BigCodeBench,5.559968204280352,71,Low
BigCodeBench/63,BigCodeBench,5.737794372539308,99,Low
BigCodeBench/64,BigCodeBench,5.962312109983478,96,High
BigCodeBench/65,BigCodeBench,6.101185835540132,132,High
BigCodeBench/66,BigCodeBench,6.262668764537184,206,High
BigCodeBench/67,BigCodeBench,5.753221083069265,85,High
BigCodeBench/68,BigCodeBench,5.640983468779042,78,Low
BigCodeBench/69,BigCodeBench,6.004020984294935,108,High
BigCodeBench/70,BigCodeBench,6.260269408096195,123,High
BigCodeBench/71,BigCodeBench,5.980306516318201,104,High
BigCodeBench/72,BigCodeBench,6.369917659389697,176,High
BigCodeBench/73,BigCodeBench,6.327802596395953,157,High
BigCodeBench/74,BigCodeBench,5.892573949408303,103,High
BigCodeBench/75,BigCodeBench,5.983976567291412,108,High
BigCodeBench/76,BigCodeBench,5.910718923140984,118,High
BigCodeBench/77,BigCodeBench,6.620399668314984,209,High
BigCodeBench/78,BigCodeBench,5.800677920173419,97,High
BigCodeBench/79,BigCodeBench,5.856319777394916,91,High
BigCodeBench/80,BigCodeBench,5.82637013015619,100,High
BigCodeBench/81,BigCodeBench,5.871115365169276,96,High
BigCodeBench/82,BigCodeBench,6.307397894807186,129,High
BigCodeBench/83,BigCodeBench,5.709832065411107,69,Low
BigCodeBench/84,BigCodeBench,6.162723800613556,117,High
BigCodeBench/85,BigCodeBench,6.443674518036232,171,High
BigCodeBench/86,BigCodeBench,5.882981885998276,89,High
BigCodeBench/87,BigCodeBench,5.770551563912267,72,High
BigCodeBench/88,BigCodeBench,5.8970813244192275,86,High
BigCodeBench/89,BigCodeBench,6.141821003921745,140,High
BigCodeBench/90,BigCodeBench,5.868495708508941,95,High
BigCodeBench/91,BigCodeBench,5.8444679573686615,90,High
BigCodeBench/92,BigCodeBench,5.999764308334701,98,High
BigCodeBench/93,BigCodeBench,5.841571377237818,85,High
BigCodeBench/94,BigCodeBench,6.386985875344442,190,High
BigCodeBench/95,BigCodeBench,6.6010193008284945,170,High
BigCodeBench/96,BigCodeBench,5.881195677121937,115,High
BigCodeBench/97,BigCodeBench,5.4737310006510205,84,Low
BigCodeBench/98,BigCodeBench,5.732322961280158,92,Low
BigCodeBench/99,BigCodeBench,6.324907223435944,146,High
BigCodeBench/100,BigCodeBench,6.011612357099482,114,High
BigCodeBench/101,BigCodeBench,5.682935401402811,80,Low
BigCodeBench/102,BigCodeBench,5.899812109983478,96,High
BigCodeBench/103,BigCodeBench,5.821192145160001,93,High
BigCodeBench/104,BigCodeBench,6.074291492383754,104,High
BigCodeBench/105,BigCodeBench,5.999464600540033,109,High
BigCodeBench/106,BigCodeBench,6.2452172539494875,124,High
BigCodeBench/107,BigCodeBench,5.952821983011464,93,High
BigCodeBench/108,BigCodeBench,6.038151316918194,99,High
BigCodeBench/109,BigCodeBench,6.132413550022353,110,High
BigCodeBench/110,BigCodeBench,5.6683592668522484,70,Low
BigCodeBench/111,BigCodeBench,5.542748326446119,62,Low
BigCodeBench/112,BigCodeBench,5.800751953688407,96,High
BigCodeBench/113,BigCodeBench,6.036181640230992,127,High
BigCodeBench/114,BigCodeBench,5.940596870790182,120,High
BigCodeBench/115,BigCodeBench,5.753654764366513,114,High
BigCodeBench/116,BigCodeBench,6.564764373860651,172,High
BigCodeBench/117,BigCodeBench,6.538481640464321,195,High
BigCodeBench/118,BigCodeBench,5.520580641765532,85,Low
BigCodeBench/119,BigCodeBench,6.079533134249979,106,High
BigCodeBench/120,BigCodeBench,6.671927312212318,197,High
BigCodeBench/121,BigCodeBench,6.045357960653363,108,High
BigCodeBench/122,BigCodeBench,5.48253546137422,92,Low
BigCodeBench/123,BigCodeBench,5.831017605537622,99,High
BigCodeBench/124,BigCodeBench,6.335478296353459,213,High
BigCodeBench/125,BigCodeBench,5.586942607845389,84,Low
BigCodeBench/126,BigCodeBench,6.27444649798615,131,High
BigCodeBench/127,BigCodeBench,5.7815202856381225,97,High
BigCodeBench/128,BigCodeBench,5.800417118959401,92,High
BigCodeBench/129,BigCodeBench,6.363140715319718,201,High
BigCodeBench/130,BigCodeBench,5.602317219268908,95,Low
BigCodeBench/131,BigCodeBench,5.623369850847856,95,Low
BigCodeBench/132,BigCodeBench,5.994443039828715,106,High
BigCodeBench/133,BigCodeBench,5.824875775583775,104,High
BigCodeBench/134,BigCodeBench,5.637562344097662,93,Low
BigCodeBench/135,BigCodeBench,5.829468772144375,107,High
BigCodeBench/136,BigCodeBench,5.947046645244505,110,High
BigCodeBench/137,BigCodeBench,5.133450408281977,63,Low
BigCodeBench/138,BigCodeBench,5.868511276638647,92,High
BigCodeBench/139,BigCodeBench,5.938031631881993,111,High
BigCodeBench/140,BigCodeBench,5.483605505203013,65,Low
BigCodeBench/141,BigCodeBench,6.360895304386376,147,High
BigCodeBench/142,BigCodeBench,5.811889842139712,120,High
BigCodeBench/143,BigCodeBench,6.193623076376426,155,High
BigCodeBench/144,BigCodeBench,6.01048800588423,121,High
BigCodeBench/145,BigCodeBench,5.266914520155993,56,Low
BigCodeBench/146,BigCodeBench,5.830361548330743,92,High
BigCodeBench/147,BigCodeBench,5.692835653158238,79,Low
BigCodeBench/148,BigCodeBench,5.247362905339698,49,Low
BigCodeBench/149,BigCodeBench,6.033660689688196,100,High
BigCodeBench/150,BigCodeBench,6.035392554309699,109,High
BigCodeBench/151,BigCodeBench,6.003808897690765,95,High
BigCodeBench/152,BigCodeBench,6.330936532038927,124,High
BigCodeBench/153,BigCodeBench,5.713730209535317,73,Low
BigCodeBench/154,BigCodeBench,5.511608462930337,73,Low
BigCodeBench/155,BigCodeBench,6.1049647824596445,94,High
BigCodeBench/156,BigCodeBench,6.017564284943828,100,High
BigCodeBench/157,BigCodeBench,6.036433982247286,98,High
BigCodeBench/158,BigCodeBench,5.244818349809623,55,Low
BigCodeBench/159,BigCodeBench,6.082324686346654,110,High
BigCodeBench/160,BigCodeBench,6.594156346746142,183,High
BigCodeBench/161,BigCodeBench,6.2511684692444565,123,High
BigCodeBench/162,BigCodeBench,5.8616007397504815,95,High
BigCodeBench/163,BigCodeBench,5.59340034860444,72,Low
BigCodeBench/164,BigCodeBench,6.014839610644452,89,High
BigCodeBench/165,BigCodeBench,5.632659765557392,64,Low
BigCodeBench/166,BigCodeBench,6.145408147161064,118,High
BigCodeBench/167,BigCodeBench,5.947845823084418,88,High
BigCodeBench/168,BigCodeBench,5.964387644400935,89,High
BigCodeBench/169,BigCodeBench,5.978642410322123,94,High
BigCodeBench/170,BigCodeBench,5.88052476290018,90,High
BigCodeBench/171,BigCodeBench,6.266086507800775,134,High
BigCodeBench/172,BigCodeBench,5.294309137239127,60,Low
BigCodeBench/173,BigCodeBench,5.841052369680907,87,High
BigCodeBench/174,BigCodeBench,5.435273332151943,67,Low
BigCodeBench/175,BigCodeBench,6.362880404771009,156,High
BigCodeBench/176,BigCodeBench,5.609057507296055,78,Low
BigCodeBench/177,BigCodeBench,6.0028759833561285,93,High
BigCodeBench/178,BigCodeBench,5.355630689177166,72,Low
BigCodeBench/179,BigCodeBench,6.192244872578634,137,High
BigCodeBench/180,BigCodeBench,5.959304950564273,97,High
BigCodeBench/181,BigCodeBench,5.185816304394412,55,Low
BigCodeBench/182,BigCodeBench,6.055077628219283,93,High
BigCodeBench/183,BigCodeBench,5.150324384887384,49,Low
BigCodeBench/184,BigCodeBench,7.182527968925715,175,High
BigCodeBench/185,BigCodeBench,6.1932825819012916,95,High
BigCodeBench/186,BigCodeBench,5.759183719779186,80,High
BigCodeBench/187,BigCodeBench,6.161533376414887,91,High
BigCodeBench/188,BigCodeBench,6.44597413289772,124,High
BigCodeBench/189,BigCodeBench,6.120229079166717,97,High
BigCodeBench/190,BigCodeBench,6.025789567121026,122,High
BigCodeBench/191,BigCodeBench,5.7376941743193655,90,Low
BigCodeBench/192,BigCodeBench,6.3380398168981475,108,High
BigCodeBench/193,BigCodeBench,6.455681878942965,213,High
BigCodeBench/194,BigCodeBench,5.691956523742682,75,Low
BigCodeBench/195,BigCodeBench,4.8505343870129645,42,Low
BigCodeBench/196,BigCodeBench,5.785134161292539,101,High
BigCodeBench/197,BigCodeBench,5.4344279595361265,68,Low
BigCodeBench/198,BigCodeBench,5.981159702874662,122,High
BigCodeBench/199,BigCodeBench,6.504796297601683,150,High
BigCodeBench/200,BigCodeBench,5.689809474103899,82,Low
BigCodeBench/201,BigCodeBench,5.811590785901459,111,High
BigCodeBench/202,BigCodeBench,5.32923993181758,72,Low
BigCodeBench/203,BigCodeBench,5.770551563912267,72,High
BigCodeBench/204,BigCodeBench,5.64152338991825,65,Low
BigCodeBench/205,BigCodeBench,5.990740760310783,92,High
BigCodeBench/206,BigCodeBench,4.963216209035258,53,Low
BigCodeBench/207,BigCodeBench,5.198101883546501,47,Low
BigCodeBench/208,BigCodeBench,5.931345749062127,126,High
BigCodeBench/209,BigCodeBench,5.6767336819377725,72,Low
BigCodeBench/210,BigCodeBench,5.690254490614657,87,Low
BigCodeBench/211,BigCodeBench,5.266914520155992,56,Low
BigCodeBench/212,BigCodeBench,5.49587634211718,85,Low
BigCodeBench/213,BigCodeBench,5.595973202073108,90,Low
BigCodeBench/214,BigCodeBench,5.638471355518837,72,Low
BigCodeBench/215,BigCodeBench,6.291538885162144,125,High
BigCodeBench/216,BigCodeBench,5.701209564709829,100,Low
BigCodeBench/217,BigCodeBench,5.6721898083188105,113,Low
BigCodeBench/218,BigCodeBench,6.112928326336732,123,High
BigCodeBench/219,BigCodeBench,5.471665031077731,100,Low
BigCodeBench/220,BigCodeBench,5.8087513512471665,84,High
BigCodeBench/221,BigCodeBench,6.3544777886054336,116,High
BigCodeBench/222,BigCodeBench,5.55285575194573,80,Low
BigCodeBench/223,BigCodeBench,6.343473956456797,140,High
BigCodeBench/224,BigCodeBench,5.959200727214465,159,High
BigCodeBench/225,BigCodeBench,5.68201599528136,79,Low
BigCodeBench/226,BigCodeBench,5.582644981137962,70,Low
BigCodeBench/227,BigCodeBench,6.229261392788777,169,High
BigCodeBench/228,BigCodeBench,6.291654707978248,143,High
BigCodeBench/229,BigCodeBench,5.889548340087887,95,High
BigCodeBench/230,BigCodeBench,6.154993393414601,119,High
BigCodeBench/231,BigCodeBench,5.80609895975067,96,High
BigCodeBench/232,BigCodeBench,6.01439185688558,102,High
BigCodeBench/233,BigCodeBench,6.1024471275944245,105,High
BigCodeBench/234,BigCodeBench,5.865635733538894,109,High
BigCodeBench/235,BigCodeBench,5.941108939837473,112,High
BigCodeBench/236,BigCodeBench,5.996792104191914,108,High
BigCodeBench/237,BigCodeBench,6.010174453172381,112,High
BigCodeBench/238,BigCodeBench,5.917888542207537,96,High
BigCodeBench/239,BigCodeBench,6.118426977631667,104,High
BigCodeBench/240,BigCodeBench,5.496966990003134,59,Low
BigCodeBench/241,BigCodeBench,5.601893984232553,81,Low
BigCodeBench/242,BigCodeBench,5.896422923894944,93,High
BigCodeBench/243,BigCodeBench,6.2378931099567545,99,High
BigCodeBench/244,BigCodeBench,5.5658353003519165,105,Low
BigCodeBench/245,BigCodeBench,5.836714492978694,69,High
BigCodeBench/246,BigCodeBench,6.072658242200413,152,High
BigCodeBench/247,BigCodeBench,6.252231747184925,109,High
BigCodeBench/248,BigCodeBench,5.342634010006702,61,Low
BigCodeBench/249,BigCodeBench,6.063194698135019,93,High
BigCodeBench/250,BigCodeBench,5.591771669014776,82,Low
BigCodeBench/251,BigCodeBench,5.429003731107056,70,Low
BigCodeBench/252,BigCodeBench,5.839826738065286,78,High
BigCodeBench/253,BigCodeBench,5.724191481544082,78,Low
BigCodeBench/254,BigCodeBench,5.115303359518974,56,Low
BigCodeBench/255,BigCodeBench,5.914671909967524,91,High
BigCodeBench/256,BigCodeBench,5.752447903466422,106,Low
BigCodeBench/257,BigCodeBench,5.657963659459966,79,Low
BigCodeBench/258,BigCodeBench,6.120169288839408,143,High
BigCodeBench/259,BigCodeBench,5.837312109983479,96,High
BigCodeBench/260,BigCodeBench,5.768392813726551,95,High
BigCodeBench/261,BigCodeBench,5.703926854683051,81,Low
BigCodeBench/262,BigCodeBench,5.3740573772988505,56,Low
BigCodeBench/263,BigCodeBench,6.040538932945216,96,High
BigCodeBench/264,BigCodeBench,5.930192900200254,113,High
BigCodeBench/265,BigCodeBench,5.404799102497941,79,Low
BigCodeBench/266,BigCodeBench,5.185375407352566,53,Low
BigCodeBench/267,BigCodeBench,5.895689928122552,105,High
BigCodeBench/268,BigCodeBench,6.070930231037756,99,High
BigCodeBench/269,BigCodeBench,6.29148443765198,132,High
BigCodeBench/270,BigCodeBench,5.4655602832042485,69,Low
BigCodeBench/271,BigCodeBench,5.953928056651581,112,High
BigCodeBench/272,BigCodeBench,6.270405546303768,161,High
BigCodeBench/273,BigCodeBench,6.5871462116883075,216,High
BigCodeBench/274,BigCodeBench,6.413225719313906,162,High
BigCodeBench/275,BigCodeBench,5.621827545886886,79,Low
BigCodeBench/276,BigCodeBench,5.165463998631682,81,Low
BigCodeBench/277,BigCodeBench,5.9894886870099295,94,High
BigCodeBench/278,BigCodeBench,5.8520750028311985,81,High
BigCodeBench/279,BigCodeBench,6.147461112330261,104,High
BigCodeBench/280,BigCodeBench,5.921040320853644,109,High
BigCodeBench/281,BigCodeBench,5.648955904159996,72,Low
BigCodeBench/282,BigCodeBench,5.59049465075019,75,Low
BigCodeBench/283,BigCodeBench,5.540369125143361,76,Low
BigCodeBench/284,BigCodeBench,5.572362859939173,63,Low
BigCodeBench/285,BigCodeBench,5.474527190344814,65,Low
BigCodeBench/286,BigCodeBench,5.883987283399407,87,High
BigCodeBench/287,BigCodeBench,5.289898095464287,60,Low
BigCodeBench/288,BigCodeBench,5.219783230714408,76,Low
BigCodeBench/289,BigCodeBench,6.013360394186669,86,High
BigCodeBench/290,BigCodeBench,5.406890595608518,60,Low
BigCodeBench/291,BigCodeBench,5.37405737729885,56,Low
BigCodeBench/292,BigCodeBench,5.614564546060618,83,Low
BigCodeBench/293,BigCodeBench,5.169969392667922,89,Low
BigCodeBench/294,BigCodeBench,5.58502798189955,78,Low
BigCodeBench/295,BigCodeBench,5.553808443351081,91,Low
BigCodeBench/296,BigCodeBench,5.826362734223704,108,High
BigCodeBench/297,BigCodeBench,5.1981018835465,47,Low
BigCodeBench/298,BigCodeBench,6.395121623145467,168,High
BigCodeBench/299,BigCodeBench,5.275497816864927,94,Low
BigCodeBench/300,BigCodeBench,6.16454615997313,137,High
BigCodeBench/301,BigCodeBench,5.69155682950114,83,Low
BigCodeBench/302,BigCodeBench,6.242665442723392,132,High
BigCodeBench/303,BigCodeBench,5.914411982042861,98,High
BigCodeBench/304,BigCodeBench,6.227105674680347,130,High
BigCodeBench/305,BigCodeBench,5.525502123995105,70,Low
BigCodeBench/306,BigCodeBench,5.762980205811214,82,High
BigCodeBench/307,BigCodeBench,5.7345123817507755,76,Low
BigCodeBench/308,BigCodeBench,6.422288087417013,163,High
BigCodeBench/309,BigCodeBench,5.668682990827825,81,Low
BigCodeBench/310,BigCodeBench,5.737262635501183,78,Low
BigCodeBench/311,BigCodeBench,5.622021690438194,75,Low
BigCodeBench/312,BigCodeBench,5.343898136046725,51,Low
BigCodeBench/313,BigCodeBench,5.919443824176215,89,High
BigCodeBench/314,BigCodeBench,5.484069531114784,64,Low
BigCodeBench/315,BigCodeBench,6.268009195155382,127,High
BigCodeBench/316,BigCodeBench,5.651698124868109,62,Low
BigCodeBench/317,BigCodeBench,5.494309137239126,60,Low
BigCodeBench/318,BigCodeBench,5.68658188256133,82,Low
BigCodeBench/319,BigCodeBench,5.753221083069264,85,Low
BigCodeBench/320,BigCodeBench,5.383755889884965,65,Low
BigCodeBench/321,BigCodeBench,5.95545306188514,143,High
BigCodeBench/322,BigCodeBench,5.557799819097006,69,Low
BigCodeBench/323,BigCodeBench,6.074801438047944,115,High
BigCodeBench/324,BigCodeBench,4.90011572407751,41,Low
BigCodeBench/325,BigCodeBench,6.013074310433273,91,High
BigCodeBench/326,BigCodeBench,5.582949637843523,69,Low
BigCodeBench/327,BigCodeBench,5.720772463993187,69,Low
BigCodeBench/328,BigCodeBench,5.940651002953922,95,High
BigCodeBench/329,BigCodeBench,5.893791310737963,91,High
BigCodeBench/330,BigCodeBench,5.328418303600467,57,Low
BigCodeBench/331,BigCodeBench,5.557228196622326,74,Low
BigCodeBench/332,BigCodeBench,5.301307266176411,52,Low
BigCodeBench/333,BigCodeBench,5.476064195050475,66,Low
BigCodeBench/334,BigCodeBench,5.267456758861195,55,Low
BigCodeBench/335,BigCodeBench,5.865188754394811,87,High
BigCodeBench/336,BigCodeBench,5.416375676407143,59,Low
BigCodeBench/337,BigCodeBench,6.219161241992426,131,High
BigCodeBench/338,BigCodeBench,5.784261705548279,113,High
BigCodeBench/339,BigCodeBench,5.536933387049371,71,Low
BigCodeBench/340,BigCodeBench,5.68386043218865,94,Low
BigCodeBench/341,BigCodeBench,6.022801632886597,122,High
BigCodeBench/342,BigCodeBench,5.774887351563315,102,High
BigCodeBench/343,BigCodeBench,6.242951316768897,132,High
BigCodeBench/344,BigCodeBench,5.526301168709041,71,Low
BigCodeBench/345,BigCodeBench,5.753672579599748,77,High
BigCodeBench/346,BigCodeBench,5.645789468318083,82,Low
BigCodeBench/347,BigCodeBench,5.889902358074071,89,High
BigCodeBench/348,BigCodeBench,5.71659786567412,77,Low
BigCodeBench/349,BigCodeBench,5.822757399040183,97,High
BigCodeBench/350,BigCodeBench,5.994004667647451,91,High
BigCodeBench/351,BigCodeBench,5.833325210755079,76,High
BigCodeBench/352,BigCodeBench,5.872962116391175,167,High
BigCodeBench/353,BigCodeBench,5.954759238229196,84,High
BigCodeBench/354,BigCodeBench,5.6740793023011955,67,Low
BigCodeBench/355,BigCodeBench,5.987520391811562,154,High
BigCodeBench/356,BigCodeBench,5.7774820820191035,102,High
BigCodeBench/357,BigCodeBench,5.5896021052357,99,Low
BigCodeBench/358,BigCodeBench,5.986859554513293,89,High
BigCodeBench/359,BigCodeBench,5.231200234441707,56,Low
BigCodeBench/360,BigCodeBench,6.111528681151892,131,High
BigCodeBench/361,BigCodeBench,6.132106572533012,115,High
BigCodeBench/362,BigCodeBench,5.673983715469531,88,Low
BigCodeBench/363,BigCodeBench,5.914478374731997,79,High
BigCodeBench/364,BigCodeBench,5.639972741909314,77,Low
BigCodeBench/365,BigCodeBench,5.558364648336088,64,Low
BigCodeBench/366,BigCodeBench,5.719108676629643,93,Low
BigCodeBench/367,BigCodeBench,5.674109799659463,102,Low
BigCodeBench/368,BigCodeBench,5.2824842613426,54,Low
BigCodeBench/369,BigCodeBench,5.7338931507790365,75,Low
BigCodeBench/370,BigCodeBench,5.7678698272019835,102,High
BigCodeBench/371,BigCodeBench,5.429170379833643,59,Low
BigCodeBench/372,BigCodeBench,5.5609758039057935,60,Low
BigCodeBench/373,BigCodeBench,5.7566185682731845,74,High
BigCodeBench/374,BigCodeBench,5.308632440797385,55,Low
BigCodeBench/375,BigCodeBench,5.604104070322102,80,Low
BigCodeBench/376,BigCodeBench,5.834183719779185,80,High
BigCodeBench/377,BigCodeBench,5.37852441389348,64,Low
BigCodeBench/378,BigCodeBench,5.962711236843685,113,High
BigCodeBench/379,BigCodeBench,5.381359713524657,55,Low
BigCodeBench/380,BigCodeBench,5.115847010357805,46,Low
BigCodeBench/381,BigCodeBench,6.658662449003752,197,High
BigCodeBench/382,BigCodeBench,5.888719817171022,83,High
BigCodeBench/383,BigCodeBench,5.140672097289856,51,Low
BigCodeBench/384,BigCodeBench,6.231662855060648,176,High
BigCodeBench/385,BigCodeBench,5.928967525585622,115,High
BigCodeBench/386,BigCodeBench,5.6723133262687035,77,Low
BigCodeBench/387,BigCodeBench,6.3146842522037225,149,High
BigCodeBench/388,BigCodeBench,5.433798528024125,62,Low
BigCodeBench/389,BigCodeBench,5.356558335416674,54,Low
BigCodeBench/390,BigCodeBench,6.092221605645697,106,High
BigCodeBench/391,BigCodeBench,5.779646605573774,77,High
BigCodeBench/392,BigCodeBench,6.019521555824486,111,High
BigCodeBench/393,BigCodeBench,5.464626505623756,66,Low
BigCodeBench/394,BigCodeBench,5.194430789080314,54,Low
BigCodeBench/395,BigCodeBench,6.002938511336501,96,High
BigCodeBench/396,BigCodeBench,5.843988354961702,91,High
BigCodeBench/397,BigCodeBench,5.302211272500222,63,Low
BigCodeBench/398,BigCodeBench,5.069235677759418,48,Low
BigCodeBench/399,BigCodeBench,5.46163739358241,79,Low
BigCodeBench/400,BigCodeBench,6.018635858629225,132,High
BigCodeBench/401,BigCodeBench,5.949293242973566,86,High
BigCodeBench/402,BigCodeBench,5.938988697477491,103,High
BigCodeBench/403,BigCodeBench,5.93461563400539,111,High
BigCodeBench/404,BigCodeBench,5.6403115322251,80,Low
BigCodeBench/405,BigCodeBench,5.381727678869735,60,Low
BigCodeBench/406,BigCodeBench,5.957204178060996,114,High
BigCodeBench/407,BigCodeBench,5.775525054291929,99,High
BigCodeBench/408,BigCodeBench,5.487501884477195,66,Low
BigCodeBench/409,BigCodeBench,5.658292202670676,87,Low
BigCodeBench/410,BigCodeBench,5.930439333193641,103,High
BigCodeBench/411,BigCodeBench,5.527642470572459,60,Low
BigCodeBench/412,BigCodeBench,6.207754022736384,135,High
BigCodeBench/413,BigCodeBench,5.602868485103867,61,Low
BigCodeBench/414,BigCodeBench,5.655135122268766,74,Low
BigCodeBench/415,BigCodeBench,5.4793944564989205,77,Low
BigCodeBench/416,BigCodeBench,5.668159498057084,83,Low
BigCodeBench/417,BigCodeBench,6.569023237863512,213,High
BigCodeBench/418,BigCodeBench,6.3862899513328175,148,High
BigCodeBench/419,BigCodeBench,6.357919842892309,165,High
BigCodeBench/420,BigCodeBench,5.7547251345615456,91,High
BigCodeBench/421,BigCodeBench,6.040006304237076,110,High
BigCodeBench/422,BigCodeBench,5.505486189032705,69,Low
BigCodeBench/423,BigCodeBench,5.986681522237648,121,High
BigCodeBench/424,BigCodeBench,6.515010059054122,203,High
BigCodeBench/425,BigCodeBench,5.874247081865023,116,High
BigCodeBench/426,BigCodeBench,5.957726156837271,115,High
BigCodeBench/427,BigCodeBench,6.2022839933878195,103,High
BigCodeBench/428,BigCodeBench,5.909930856571329,102,High
BigCodeBench/429,BigCodeBench,5.451675703013553,66,Low
BigCodeBench/430,BigCodeBench,6.194430789080305,108,High
BigCodeBench/431,BigCodeBench,5.916310849185159,151,High
BigCodeBench/432,BigCodeBench,5.759229482244777,79,High
BigCodeBench/433,BigCodeBench,5.747191429566847,90,Low
BigCodeBench/434,BigCodeBench,6.824690893252877,209,High
BigCodeBench/435,BigCodeBench,6.007046280954644,77,High
BigCodeBench/436,BigCodeBench,5.771948768316716,81,High
BigCodeBench/437,BigCodeBench,5.3104430577190245,54,Low
BigCodeBench/438,BigCodeBench,5.600977614163111,82,Low
BigCodeBench/439,BigCodeBench,5.582644981137962,70,Low
BigCodeBench/440,BigCodeBench,6.260555794261861,130,High
BigCodeBench/441,BigCodeBench,5.652486244237263,92,Low
BigCodeBench/442,BigCodeBench,6.105187922419878,113,High
BigCodeBench/443,BigCodeBench,5.9441199369408855,94,High
BigCodeBench/444,BigCodeBench,5.67575050167767,77,Low
BigCodeBench/445,BigCodeBench,6.049165713333726,94,High
BigCodeBench/446,BigCodeBench,5.65625,64,Low
BigCodeBench/447,BigCodeBench,6.318270204503375,135,High
BigCodeBench/448,BigCodeBench,5.732289237493329,72,Low
BigCodeBench/449,BigCodeBench,6.0872169879308995,88,High
BigCodeBench/450,BigCodeBench,6.099946211143932,117,High
BigCodeBench/451,BigCodeBench,5.6795281015772465,84,Low
BigCodeBench/452,BigCodeBench,5.771696881374172,102,High
BigCodeBench/453,BigCodeBench,5.62791231482194,78,Low
BigCodeBench/454,BigCodeBench,5.972591001582721,122,High
BigCodeBench/455,BigCodeBench,5.769413651789069,90,High
BigCodeBench/456,BigCodeBench,5.934815098308575,114,High
BigCodeBench/457,BigCodeBench,6.027915356792805,113,High
BigCodeBench/458,BigCodeBench,6.410918824304638,186,High
BigCodeBench/459,BigCodeBench,5.555138022185503,72,Low
BigCodeBench/460,BigCodeBench,6.116049135370032,157,High
BigCodeBench/461,BigCodeBench,6.319421663773314,166,High
BigCodeBench/462,BigCodeBench,6.0370969687616896,118,High
BigCodeBench/463,BigCodeBench,6.076587279040644,109,High
BigCodeBench/464,BigCodeBench,6.103911792473154,95,High
BigCodeBench/465,BigCodeBench,6.346968745102838,135,High
BigCodeBench/466,BigCodeBench,6.0490968003718235,87,High
BigCodeBench/467,BigCodeBench,5.548107945083256,66,Low
BigCodeBench/468,BigCodeBench,5.716337363595167,92,Low
BigCodeBench/469,BigCodeBench,6.138875233524749,108,High
BigCodeBench/470,BigCodeBench,5.7735005833669995,81,High
BigCodeBench/471,BigCodeBench,5.187035390948684,51,Low
BigCodeBench/472,BigCodeBench,5.874927858842962,74,High
BigCodeBench/473,BigCodeBench,6.071098141994606,85,High
BigCodeBench/474,BigCodeBench,5.925968098866735,107,High
BigCodeBench/475,BigCodeBench,5.872068655470801,111,High
BigCodeBench/476,BigCodeBench,5.341770906681936,67,Low
BigCodeBench/477,BigCodeBench,6.369034104935915,121,High
BigCodeBench/478,BigCodeBench,5.401540463507997,62,Low
BigCodeBench/479,BigCodeBench,5.832212255373366,101,High
BigCodeBench/480,BigCodeBench,6.029226319919608,94,High
BigCodeBench/481,BigCodeBench,5.771142620598476,68,High
BigCodeBench/482,BigCodeBench,6.51491417331086,197,High
BigCodeBench/483,BigCodeBench,5.988254213599089,111,High
BigCodeBench/484,BigCodeBench,6.3687507607973695,125,High
BigCodeBench/485,BigCodeBench,6.076422432062967,123,High
BigCodeBench/486,BigCodeBench,5.857742804020478,106,High
BigCodeBench/487,BigCodeBench,6.397975154058409,155,High
BigCodeBench/488,BigCodeBench,5.516034497289551,81,Low
BigCodeBench/489,BigCodeBench,6.314421194909675,168,High
BigCodeBench/490,BigCodeBench,5.4687691807934495,57,Low
BigCodeBench/491,BigCodeBench,6.254370443936516,121,High
BigCodeBench/492,BigCodeBench,6.10637731681802,108,High
BigCodeBench/493,BigCodeBench,6.135696220471307,139,High
BigCodeBench/494,BigCodeBench,6.447141296776229,177,High
BigCodeBench/495,BigCodeBench,6.199242376221593,102,High
BigCodeBench/496,BigCodeBench,6.124895835336538,108,High
BigCodeBench/497,BigCodeBench,5.761881532128214,101,High
BigCodeBench/498,BigCodeBench,6.178356600334856,122,High
BigCodeBench/499,BigCodeBench,5.655692346441842,88,Low
BigCodeBench/500,BigCodeBench,5.880736270293024,103,High
BigCodeBench/501,BigCodeBench,6.0856285032465225,115,High
BigCodeBench/502,BigCodeBench,6.310622442211106,115,High
BigCodeBench/503,BigCodeBench,5.621197504026229,73,Low
BigCodeBench/504,BigCodeBench,5.6296689268583435,87,Low
BigCodeBench/505,BigCodeBench,5.653055907333273,80,Low
BigCodeBench/506,BigCodeBench,6.241288401898679,179,High
BigCodeBench/507,BigCodeBench,5.847443076929992,95,High
BigCodeBench/508,BigCodeBench,6.10233900191404,97,High
BigCodeBench/509,BigCodeBench,6.3864589065711925,181,High
BigCodeBench/510,BigCodeBench,5.72969167130456,85,Low
BigCodeBench/511,BigCodeBench,5.924756694457854,104,High
BigCodeBench/512,BigCodeBench,5.992107742358144,115,High
BigCodeBench/513,BigCodeBench,6.260132669015012,152,High
BigCodeBench/514,BigCodeBench,5.638309277703407,74,Low
BigCodeBench/515,BigCodeBench,5.857663367258938,104,High
BigCodeBench/516,BigCodeBench,6.224287825673143,111,High
BigCodeBench/517,BigCodeBench,5.8868421881310145,96,High
BigCodeBench/518,BigCodeBench,6.058413670568649,102,High
BigCodeBench/519,BigCodeBench,5.825289857076014,75,High
BigCodeBench/520,BigCodeBench,6.253725525256676,106,High
BigCodeBench/521,BigCodeBench,6.216085121392266,124,High
BigCodeBench/522,BigCodeBench,6.283195108439572,129,High
BigCodeBench/523,BigCodeBench,5.742371495179856,80,Low
BigCodeBench/524,BigCodeBench,6.063165400464269,114,High
BigCodeBench/525,BigCodeBench,6.027758746446056,115,High
BigCodeBench/526,BigCodeBench,5.827383644806508,81,High
BigCodeBench/527,BigCodeBench,6.120396783337818,138,High
BigCodeBench/528,BigCodeBench,5.972593488679072,99,High
BigCodeBench/529,BigCodeBench,5.8719076893435025,105,High
BigCodeBench/530,BigCodeBench,6.544960434784131,197,High
BigCodeBench/531,BigCodeBench,5.883330666800624,84,High
BigCodeBench/532,BigCodeBench,6.169718318186979,145,High
BigCodeBench/533,BigCodeBench,6.458322297422068,154,High
BigCodeBench/534,BigCodeBench,6.003906122083096,113,High
BigCodeBench/535,BigCodeBench,6.210505281529471,110,High
BigCodeBench/536,BigCodeBench,5.115847010357805,46,Low
BigCodeBench/537,BigCodeBench,5.74887226627855,96,Low
BigCodeBench/538,BigCodeBench,5.723420377983233,68,Low
BigCodeBench/539,BigCodeBench,6.056114158777081,112,High
BigCodeBench/540,BigCodeBench,5.863845463339592,79,High
BigCodeBench/541,BigCodeBench,6.085047620783501,124,High
BigCodeBench/542,BigCodeBench,6.101125871352202,95,High
BigCodeBench/543,BigCodeBench,5.171405583442498,52,Low
BigCodeBench/544,BigCodeBench,5.115847010357805,46,Low
BigCodeBench/545,BigCodeBench,5.319521298379636,54,Low
BigCodeBench/546,BigCodeBench,5.538909765557392,64,Low
BigCodeBench/547,BigCodeBench,5.1911407114179955,49,Low
BigCodeBench/548,BigCodeBench,5.090450622615567,55,Low
BigCodeBench/549,BigCodeBench,5.3800510871188845,69,Low
BigCodeBench/550,BigCodeBench,5.5286647985171395,73,Low
BigCodeBench/551,BigCodeBench,5.6767336819377725,72,Low
BigCodeBench/552,BigCodeBench,5.360975803905793,60,Low
BigCodeBench/553,BigCodeBench,6.127346414100339,108,High
BigCodeBench/554,BigCodeBench,5.8631827440769815,92,High
BigCodeBench/555,BigCodeBench,5.628055907333272,80,Low
BigCodeBench/556,BigCodeBench,5.871193166697602,84,High
BigCodeBench/557,BigCodeBench,5.987314740109763,118,High
BigCodeBench/558,BigCodeBench,5.51787391326855,69,Low
BigCodeBench/559,BigCodeBench,5.676377357452361,84,Low
BigCodeBench/560,BigCodeBench,5.690985193521223,78,Low
BigCodeBench/561,BigCodeBench,5.106603137064476,42,Low
BigCodeBench/562,BigCodeBench,6.2179653084163835,120,High
BigCodeBench/563,BigCodeBench,5.622798894965603,76,Low
BigCodeBench/564,BigCodeBench,5.831569285352279,97,High
BigCodeBench/565,BigCodeBench,5.802903919650739,88,High
BigCodeBench/566,BigCodeBench,5.621627378979979,78,Low
BigCodeBench/567,BigCodeBench,5.779413334024427,84,High
BigCodeBench/568,BigCodeBench,5.761255624793443,103,High
BigCodeBench/569,BigCodeBench,5.397206005725811,94,Low
BigCodeBench/570,BigCodeBench,5.506832812961888,65,Low
BigCodeBench/571,BigCodeBench,6.16214025251781,149,High
BigCodeBench/572,BigCodeBench,5.477124764701077,63,Low
BigCodeBench/573,BigCodeBench,5.9165402832871035,88,High
BigCodeBench/574,BigCodeBench,5.413716068381603,62,Low
BigCodeBench/575,BigCodeBench,5.716089757880627,78,Low
BigCodeBench/576,BigCodeBench,5.797965352772634,92,High
BigCodeBench/577,BigCodeBench,5.9214982718493845,111,High
BigCodeBench/578,BigCodeBench,5.969056122842938,93,High
BigCodeBench/579,BigCodeBench,6.139281042149107,133,High
BigCodeBench/580,BigCodeBench,6.225322371942475,139,High
BigCodeBench/581,BigCodeBench,5.393771968674958,61,Low
BigCodeBench/582,BigCodeBench,5.390272895264166,55,Low
BigCodeBench/583,BigCodeBench,5.917559906081533,131,High
BigCodeBench/584,BigCodeBench,6.045502569906844,136,High
BigCodeBench/585,BigCodeBench,6.064735178725513,120,High
BigCodeBench/586,BigCodeBench,5.626360120639479,116,Low
BigCodeBench/587,BigCodeBench,5.681830012962232,105,Low
BigCodeBench/588,BigCodeBench,6.163762676050142,116,High
BigCodeBench/589,BigCodeBench,6.023871487741579,106,High
BigCodeBench/590,BigCodeBench,6.314286704244662,152,High
BigCodeBench/591,BigCodeBench,6.015670887734529,99,High
BigCodeBench/592,BigCodeBench,5.716579689896744,71,Low
BigCodeBench/593,BigCodeBench,6.045357960653365,108,High
BigCodeBench/594,BigCodeBench,5.817371495179856,80,High
BigCodeBench/595,BigCodeBench,5.800014717624633,89,High
BigCodeBench/596,BigCodeBench,5.4651240784206,67,Low
BigCodeBench/597,BigCodeBench,5.675704882778696,64,Low
BigCodeBench/598,BigCodeBench,5.563183070078806,83,Low
BigCodeBench/599,BigCodeBench,5.63825383961303,73,Low
BigCodeBench/600,BigCodeBench,5.724071134222488,73,Low
BigCodeBench/601,BigCodeBench,5.625473446873701,90,Low
BigCodeBench/602,BigCodeBench,5.436731930947546,56,Low
BigCodeBench/603,BigCodeBench,5.470325342644939,62,Low
BigCodeBench/604,BigCodeBench,5.794379117772026,117,High
BigCodeBench/605,BigCodeBench,5.500169099751565,61,Low
BigCodeBench/606,BigCodeBench,4.984769618706745,38,Low
BigCodeBench/607,BigCodeBench,6.118156965524017,85,High
BigCodeBench/608,BigCodeBench,6.055663132640484,82,High
BigCodeBench/609,BigCodeBench,5.8455456016658385,91,High
BigCodeBench/610,BigCodeBench,6.285074606634961,102,High
BigCodeBench/611,BigCodeBench,5.9774137335339725,91,High
BigCodeBench/612,BigCodeBench,6.317481795998524,120,High
BigCodeBench/613,BigCodeBench,6.182109298800142,105,High
BigCodeBench/614,BigCodeBench,5.370254090432111,79,Low
BigCodeBench/615,BigCodeBench,5.916749814988363,78,High
BigCodeBench/616,BigCodeBench,6.390690903868279,123,High
BigCodeBench/617,BigCodeBench,6.3073549220575975,112,High
BigCodeBench/618,BigCodeBench,6.223111256409163,106,High
BigCodeBench/619,BigCodeBench,6.083688186714966,94,High
BigCodeBench/620,BigCodeBench,5.632072647643223,71,Low
BigCodeBench/621,BigCodeBench,5.2596788544099145,59,Low
BigCodeBench/622,BigCodeBench,5.473870277969194,73,Low
BigCodeBench/623,BigCodeBench,5.540616828193141,63,Low
BigCodeBench/624,BigCodeBench,5.666249133296614,72,Low
BigCodeBench/625,BigCodeBench,5.445159765557392,64,Low
BigCodeBench/626,BigCodeBench,5.422885785894006,66,Low
BigCodeBench/627,BigCodeBench,5.766948698502608,96,High
BigCodeBench/628,BigCodeBench,5.571860873964199,70,Low
BigCodeBench/629,BigCodeBench,5.496966990003134,59,Low
BigCodeBench/630,BigCodeBench,5.388759133144316,64,Low
BigCodeBench/631,BigCodeBench,5.510287172180454,83,Low
BigCodeBench/632,BigCodeBench,5.433681461495203,57,Low
BigCodeBench/633,BigCodeBench,5.841547631034827,84,High
BigCodeBench/634,BigCodeBench,5.802138842339155,97,High
BigCodeBench/635,BigCodeBench,5.750546669120312,82,Low
BigCodeBench/636,BigCodeBench,6.04635015475404,94,High
BigCodeBench/637,BigCodeBench,6.009855606956102,101,High
BigCodeBench/638,BigCodeBench,5.53682583169899,74,Low
BigCodeBench/639,BigCodeBench,5.55029265961667,70,Low
BigCodeBench/640,BigCodeBench,6.256237144333456,146,High
BigCodeBench/641,BigCodeBench,5.9285195015709835,87,High
BigCodeBench/642,BigCodeBench,5.7264640038583146,67,Low
BigCodeBench/643,BigCodeBench,5.951505537762556,92,High
BigCodeBench/644,BigCodeBench,5.188758439731456,50,Low
BigCodeBench/645,BigCodeBench,5.363827674383179,69,Low
BigCodeBench/646,BigCodeBench,5.56837127450035,65,Low
BigCodeBench/647,BigCodeBench,5.144508217079683,56,Low
BigCodeBench/648,BigCodeBench,5.165730252278475,49,Low
BigCodeBench/649,BigCodeBench,5.705758042451284,96,Low
BigCodeBench/650,BigCodeBench,5.153878288882024,63,Low
BigCodeBench/651,BigCodeBench,5.83170547438926,82,High
BigCodeBench/652,BigCodeBench,6.295581473722156,103,High
BigCodeBench/653,BigCodeBench,5.5651024011338786,71,Low
BigCodeBench/654,BigCodeBench,5.343690289200019,63,Low
BigCodeBench/655,BigCodeBench,6.478109913213223,148,High
BigCodeBench/656,BigCodeBench,5.979356145069394,98,High
BigCodeBench/657,BigCodeBench,5.712319091186711,68,Low
BigCodeBench/658,BigCodeBench,6.324386244438722,118,High
BigCodeBench/659,BigCodeBench,5.590571081259867,58,Low
BigCodeBench/660,BigCodeBench,5.692363331757462,74,Low
BigCodeBench/661,BigCodeBench,5.683276478958709,71,Low
BigCodeBench/662,BigCodeBench,5.336318803578981,53,Low
BigCodeBench/663,BigCodeBench,5.947550746498852,93,High
BigCodeBench/664,BigCodeBench,5.407574770641923,54,Low
BigCodeBench/665,BigCodeBench,5.054171731446283,43,Low
BigCodeBench/666,BigCodeBench,5.749747626002142,80,Low
BigCodeBench/667,BigCodeBench,5.112995500567776,47,Low
BigCodeBench/668,BigCodeBench,5.091844156198227,51,Low
BigCodeBench/669,BigCodeBench,4.965936788508254,56,Low
BigCodeBench/670,BigCodeBench,5.381952711085557,58,Low
BigCodeBench/671,BigCodeBench,5.394155608239055,67,Low
BigCodeBench/672,BigCodeBench,4.964297470229178,57,Low
BigCodeBench/673,BigCodeBench,5.638977225047069,71,Low
BigCodeBench/674,BigCodeBench,5.225750831582044,74,Low
BigCodeBench/675,BigCodeBench,5.280226253673658,58,Low
BigCodeBench/676,BigCodeBench,5.89590643720004,94,High
BigCodeBench/677,BigCodeBench,5.370864648336088,64,Low
BigCodeBench/678,BigCodeBench,5.746940680400714,78,Low
BigCodeBench/679,BigCodeBench,5.4132466531399475,69,Low
BigCodeBench/680,BigCodeBench,5.157431959491294,51,Low
BigCodeBench/681,BigCodeBench,5.393633608739076,62,Low
BigCodeBench/682,BigCodeBench,5.280268479226399,51,Low
BigCodeBench/683,BigCodeBench,5.229416922475459,56,Low
BigCodeBench/684,BigCodeBench,5.4877108975705955,72,Low
BigCodeBench/685,BigCodeBench,5.158365849770286,55,Low
BigCodeBench/686,BigCodeBench,5.134918517496292,49,Low
BigCodeBench/687,BigCodeBench,5.322644355717269,79,Low
BigCodeBench/688,BigCodeBench,5.180741985218564,45,Low
BigCodeBench/689,BigCodeBench,5.4656553485385455,58,Low
BigCodeBench/690,BigCodeBench,5.58718199583585,62,Low
BigCodeBench/691,BigCodeBench,5.180451390892101,54,Low
BigCodeBench/692,BigCodeBench,5.536092548602144,67,Low
BigCodeBench/693,BigCodeBench,5.51807059166138,59,Low
BigCodeBench/694,BigCodeBench,5.091853096329675,45,Low
BigCodeBench/695,BigCodeBench,5.0719280948873635,40,Low
BigCodeBench/696,BigCodeBench,4.993416845149325,54,Low
BigCodeBench/697,BigCodeBench,5.336234673522058,61,Low
BigCodeBench/698,BigCodeBench,5.53086529508788,59,Low
BigCodeBench/699,BigCodeBench,5.963265560467113,89,High
BigCodeBench/700,BigCodeBench,5.175735869100489,46,Low
BigCodeBench/701,BigCodeBench,5.0589840894454285,42,Low
BigCodeBench/702,BigCodeBench,5.3312708498489565,55,Low
BigCodeBench/703,BigCodeBench,5.540616828193141,63,Low
BigCodeBench/704,BigCodeBench,5.801969876934218,66,High
BigCodeBench/705,BigCodeBench,5.496966990003134,59,Low
BigCodeBench/706,BigCodeBench,5.244680368408912,56,Low
BigCodeBench/707,BigCodeBench,5.5184464668413264,65,Low
BigCodeBench/708,BigCodeBench,5.085055102756478,52,Low
BigCodeBench/709,BigCodeBench,5.540616828193141,63,Low
BigCodeBench/710,BigCodeBench,4.781036112553422,36,Low
BigCodeBench/711,BigCodeBench,4.871928094887363,40,Low
BigCodeBench/712,BigCodeBench,5.163966707392709,45,Low
BigCodeBench/713,BigCodeBench,5.788745200818135,85,High
BigCodeBench/714,BigCodeBench,5.693048360160976,73,Low
BigCodeBench/715,BigCodeBench,5.525232566229817,66,Low
BigCodeBench/716,BigCodeBench,5.7233232613859535,94,Low
BigCodeBench/717,BigCodeBench,5.610754159149019,65,Low
BigCodeBench/718,BigCodeBench,5.657963659459968,79,Low
BigCodeBench/719,BigCodeBench,4.942782734610331,47,Low
BigCodeBench/720,BigCodeBench,5.434323475320725,66,Low
BigCodeBench/721,BigCodeBench,5.8150217661580275,87,High
BigCodeBench/722,BigCodeBench,5.253434386188788,56,Low
BigCodeBench/723,BigCodeBench,5.315061012203069,60,Low
BigCodeBench/724,BigCodeBench,5.315174663211634,57,Low
BigCodeBench/725,BigCodeBench,5.301307266176413,52,Low
BigCodeBench/726,BigCodeBench,5.847368784857286,100,High
BigCodeBench/727,BigCodeBench,5.991042339229871,98,High
BigCodeBench/728,BigCodeBench,5.838950042519178,93,High
BigCodeBench/729,BigCodeBench,5.414525120654195,65,Low
BigCodeBench/730,BigCodeBench,5.358699851775419,51,Low
BigCodeBench/731,BigCodeBench,5.6996230965984065,66,Low
BigCodeBench/732,BigCodeBench,5.5068905956085175,60,Low
BigCodeBench/733,BigCodeBench,4.831074987250573,37,Low
BigCodeBench/734,BigCodeBench,5.616601684782743,58,Low
BigCodeBench/735,BigCodeBench,5.180741985218564,45,Low
BigCodeBench/736,BigCodeBench,4.977709911169939,39,Low
BigCodeBench/737,BigCodeBench,4.885129041304628,37,Low
BigCodeBench/738,BigCodeBench,5.0648690777888135,41,Low
BigCodeBench/739,BigCodeBench,5.436731930947546,56,Low
BigCodeBench/740,BigCodeBench,5.340739615817226,58,Low
BigCodeBench/741,BigCodeBench,5.315824333525709,52,Low
BigCodeBench/742,BigCodeBench,5.761598947042446,86,High
BigCodeBench/743,BigCodeBench,5.6959398521154405,74,Low
BigCodeBench/744,BigCodeBench,6.324310440157871,123,High
BigCodeBench/745,BigCodeBench,5.226251077223195,51,Low
BigCodeBench/746,BigCodeBench,6.299905774550789,121,High
BigCodeBench/747,BigCodeBench,5.1136085007312415,64,Low
BigCodeBench/748,BigCodeBench,7.005761257855159,231,High
BigCodeBench/749,BigCodeBench,5.232158891364569,44,Low
BigCodeBench/750,BigCodeBench,6.277320142042091,150,High
BigCodeBench/751,BigCodeBench,5.302628805870279,56,Low
BigCodeBench/752,BigCodeBench,6.335935614439919,174,High
BigCodeBench/753,BigCodeBench,5.382477371322399,59,Low
BigCodeBench/754,BigCodeBench,6.281569327152391,135,High
BigCodeBench/755,BigCodeBench,5.155548692057138,47,Low
BigCodeBench/756,BigCodeBench,5.5759131975107055,65,Low
BigCodeBench/757,BigCodeBench,5.030633374059376,45,Low
BigCodeBench/758,BigCodeBench,6.42671166078006,125,High
BigCodeBench/759,BigCodeBench,5.416375676407144,59,Low
BigCodeBench/760,BigCodeBench,6.99865932751543,212,High
BigCodeBench/761,BigCodeBench,5.756618568273184,74,High
BigCodeBench/762,BigCodeBench,6.193756336949949,125,High
BigCodeBench/763,BigCodeBench,5.633957804788774,83,Low
BigCodeBench/764,BigCodeBench,6.807473495019723,442,High
BigCodeBench/765,BigCodeBench,5.530865295087881,59,Low
BigCodeBench/766,BigCodeBench,5.524978623350769,69,Low
BigCodeBench/767,BigCodeBench,5.421569531114783,64,Low
BigCodeBench/768,BigCodeBench,5.939150954525702,102,High
BigCodeBench/769,BigCodeBench,5.0118421881310145,48,Low
BigCodeBench/770,BigCodeBench,6.101639741556442,135,High
BigCodeBench/771,BigCodeBench,5.998882341886245,86,High
BigCodeBench/772,BigCodeBench,6.164257259474168,132,High
BigCodeBench/773,BigCodeBench,5.5972763162625965,66,Low
BigCodeBench/774,BigCodeBench,6.052016768474802,114,High
BigCodeBench/775,BigCodeBench,5.512590899114922,69,Low
BigCodeBench/776,BigCodeBench,6.311696464003151,148,High
BigCodeBench/777,BigCodeBench,5.554158980860778,68,Low
BigCodeBench/778,BigCodeBench,6.339739520774142,168,High
BigCodeBench/779,BigCodeBench,5.641957101489794,81,Low
BigCodeBench/780,BigCodeBench,6.05596974082148,117,High
BigCodeBench/781,BigCodeBench,5.159828119838419,57,Low
BigCodeBench/782,BigCodeBench,6.254525464966166,108,High
BigCodeBench/783,BigCodeBench,5.064869077788814,41,Low
BigCodeBench/784,BigCodeBench,6.647812957207083,167,High
BigCodeBench/785,BigCodeBench,5.433681461495206,57,Low
BigCodeBench/786,BigCodeBench,6.5209308459171424,152,High
BigCodeBench/787,BigCodeBench,5.878018952437699,123,High
BigCodeBench/788,BigCodeBench,6.167961517677962,122,High
BigCodeBench/789,BigCodeBench,5.490450622615566,55,Low
BigCodeBench/790,BigCodeBench,5.964873008723526,110,High
BigCodeBench/791,BigCodeBench,5.728336023840459,84,Low
BigCodeBench/792,BigCodeBench,6.220273774357404,121,High
BigCodeBench/793,BigCodeBench,5.677716724453016,70,Low
BigCodeBench/794,BigCodeBench,5.786475946825623,90,High
BigCodeBench/795,BigCodeBench,5.965972403931056,101,High
BigCodeBench/796,BigCodeBench,5.793345194191519,68,High
BigCodeBench/797,BigCodeBench,5.86535715484435,84,High
BigCodeBench/798,BigCodeBench,6.02224573514644,90,High
BigCodeBench/799,BigCodeBench,6.324701331196086,141,High
BigCodeBench/800,BigCodeBench,6.194463948896647,107,High
BigCodeBench/801,BigCodeBench,5.678961870975635,83,Low
BigCodeBench/802,BigCodeBench,5.426177218751304,78,Low
BigCodeBench/803,BigCodeBench,5.795921990357236,73,High
BigCodeBench/804,BigCodeBench,5.890909778929177,82,High
BigCodeBench/805,BigCodeBench,6.528636703551849,141,High
BigCodeBench/806,BigCodeBench,5.382659765557392,64,Low
BigCodeBench/807,BigCodeBench,6.3622819728023945,167,High
BigCodeBench/808,BigCodeBench,5.280086943913389,57,Low
BigCodeBench/809,BigCodeBench,5.847223630217675,88,High
BigCodeBench/810,BigCodeBench,5.731125498116159,103,Low
BigCodeBench/811,BigCodeBench,6.374203584273669,127,High
BigCodeBench/812,BigCodeBench,5.662801449500433,69,Low
BigCodeBench/813,BigCodeBench,6.309449542144322,129,High
BigCodeBench/814,BigCodeBench,5.492132624412662,61,Low
BigCodeBench/815,BigCodeBench,6.137629146258229,121,High
BigCodeBench/816,BigCodeBench,6.2636718150865764,133,High
BigCodeBench/817,BigCodeBench,6.518840151987802,211,High
BigCodeBench/818,BigCodeBench,5.306170651709183,46,Low
BigCodeBench/819,BigCodeBench,6.447061175799834,173,High
BigCodeBench/820,BigCodeBench,5.301931022822801,57,Low
BigCodeBench/821,BigCodeBench,5.461085854091671,122,Low
BigCodeBench/822,BigCodeBench,5.600741262641378,89,Low
BigCodeBench/823,BigCodeBench,5.164263771953647,61,Low
BigCodeBench/824,BigCodeBench,5.129056936784022,47,Low
BigCodeBench/825,BigCodeBench,5.785151577725665,78,High
BigCodeBench/826,BigCodeBench,5.553583895595314,83,Low
BigCodeBench/827,BigCodeBench,5.480439277828769,98,Low
BigCodeBench/828,BigCodeBench,5.965851096764055,159,High
BigCodeBench/829,BigCodeBench,6.366469181459992,138,High
BigCodeBench/830,BigCodeBench,5.735742752562472,103,Low
BigCodeBench/831,BigCodeBench,5.934154271636193,87,High
BigCodeBench/832,BigCodeBench,5.426636531627803,55,Low
BigCodeBench/833,BigCodeBench,6.155199219096981,152,High
BigCodeBench/834,BigCodeBench,5.1981018835465,47,Low
BigCodeBench/835,BigCodeBench,6.18670434591003,88,High
BigCodeBench/836,BigCodeBench,6.005587194040229,104,High
BigCodeBench/837,BigCodeBench,6.590072700228192,119,High
BigCodeBench/838,BigCodeBench,5.9718783962508954,92,High
BigCodeBench/839,BigCodeBench,6.211586927608414,113,High
BigCodeBench/840,BigCodeBench,5.7139553409472725,94,Low
BigCodeBench/841,BigCodeBench,6.273460388975966,151,High
BigCodeBench/842,BigCodeBench,6.730729134895298,182,High
BigCodeBench/843,BigCodeBench,6.2514651349241355,113,High
BigCodeBench/844,BigCodeBench,6.96763012723423,206,High
BigCodeBench/845,BigCodeBench,6.262874543605164,166,High
BigCodeBench/846,BigCodeBench,6.23758488509571,141,High
BigCodeBench/847,BigCodeBench,5.3653033595189745,56,Low
BigCodeBench/848,BigCodeBench,6.027016931504061,121,High
BigCodeBench/849,BigCodeBench,5.613204882778696,64,Low
BigCodeBench/850,BigCodeBench,5.902391277629873,88,High
BigCodeBench/851,BigCodeBench,5.124913925747862,49,Low
BigCodeBench/852,BigCodeBench,6.040806228307708,109,High
BigCodeBench/853,BigCodeBench,5.943592952326204,86,High
BigCodeBench/854,BigCodeBench,5.795948690765943,126,High
BigCodeBench/855,BigCodeBench,5.983248235098364,90,High
BigCodeBench/856,BigCodeBench,6.196090295646529,131,High
BigCodeBench/857,BigCodeBench,5.748195446211755,72,Low
BigCodeBench/858,BigCodeBench,6.357871550264911,144,High
BigCodeBench/859,BigCodeBench,5.796936926689614,94,High
BigCodeBench/860,BigCodeBench,6.080232074488216,119,High
BigCodeBench/861,BigCodeBench,5.7931811393776815,87,High
BigCodeBench/862,BigCodeBench,6.917900506744402,208,High
BigCodeBench/863,BigCodeBench,5.524978623350768,69,Low
BigCodeBench/864,BigCodeBench,6.339401518463546,138,High
BigCodeBench/865,BigCodeBench,5.949197218694724,97,High
BigCodeBench/866,BigCodeBench,6.233563292535362,112,High
BigCodeBench/867,BigCodeBench,6.250470003874295,99,High
BigCodeBench/868,BigCodeBench,6.419001478502826,156,High
BigCodeBench/869,BigCodeBench,6.593861929578295,142,High
BigCodeBench/870,BigCodeBench,6.7227292941334245,173,High
BigCodeBench/871,BigCodeBench,6.38488253218287,194,High
BigCodeBench/872,BigCodeBench,5.966385641795134,137,High
BigCodeBench/873,BigCodeBench,6.515032181757669,152,High
BigCodeBench/874,BigCodeBench,6.17255287187653,127,High
BigCodeBench/875,BigCodeBench,6.273502524266374,113,High
BigCodeBench/876,BigCodeBench,6.6236172751276845,175,High
BigCodeBench/877,BigCodeBench,6.643917646224457,171,High
BigCodeBench/878,BigCodeBench,6.0489889221386175,152,High
BigCodeBench/879,BigCodeBench,6.483340533763483,185,High
BigCodeBench/880,BigCodeBench,6.726533890963203,205,High
BigCodeBench/881,BigCodeBench,5.821356722055475,98,High
BigCodeBench/882,BigCodeBench,5.829446509477721,83,High
BigCodeBench/883,BigCodeBench,6.152499229310916,107,High
BigCodeBench/884,BigCodeBench,6.633839532806579,202,High
BigCodeBench/885,BigCodeBench,6.805038961107045,237,High
BigCodeBench/886,BigCodeBench,6.08908310609921,114,High
BigCodeBench/887,BigCodeBench,6.421144537042287,139,High
BigCodeBench/888,BigCodeBench,5.596327542547537,63,Low
BigCodeBench/889,BigCodeBench,5.789288288712391,91,High
BigCodeBench/890,BigCodeBench,5.830227581946837,95,High
BigCodeBench/891,BigCodeBench,6.154711660780061,125,High
BigCodeBench/892,BigCodeBench,5.294907213485321,55,Low
BigCodeBench/893,BigCodeBench,5.0416214795936245,60,Low
BigCodeBench/894,BigCodeBench,5.879861918427079,114,High
BigCodeBench/895,BigCodeBench,5.879861918427079,114,High
BigCodeBench/896,BigCodeBench,5.510067015271106,72,Low
BigCodeBench/897,BigCodeBench,6.056811193665947,116,High
BigCodeBench/898,BigCodeBench,5.413716068381602,62,Low
BigCodeBench/899,BigCodeBench,5.831863046744556,91,High
BigCodeBench/900,BigCodeBench,5.67575050167767,77,Low
BigCodeBench/901,BigCodeBench,6.188122318788944,95,High
BigCodeBench/902,BigCodeBench,5.280086943913389,57,Low
BigCodeBench/903,BigCodeBench,5.747842880708921,73,Low
BigCodeBench/904,BigCodeBench,5.584255223649354,74,Low
BigCodeBench/905,BigCodeBench,5.730321604810757,121,Low
BigCodeBench/906,BigCodeBench,5.413909765557392,64,Low
BigCodeBench/907,BigCodeBench,5.454086986251929,55,Low
BigCodeBench/908,BigCodeBench,5.947997894138759,94,High
BigCodeBench/909,BigCodeBench,5.8789910480315735,84,High
BigCodeBench/910,BigCodeBench,6.245456972776484,167,High
BigCodeBench/911,BigCodeBench,5.612272007884816,79,Low
BigCodeBench/912,BigCodeBench,5.4630686849183885,59,Low
BigCodeBench/913,BigCodeBench,6.036860362325961,120,High
BigCodeBench/914,BigCodeBench,5.946301796373555,89,High
BigCodeBench/915,BigCodeBench,6.306979728223307,116,High
BigCodeBench/916,BigCodeBench,5.905364672161893,116,High
BigCodeBench/917,BigCodeBench,5.591341478402019,81,Low
BigCodeBench/918,BigCodeBench,5.36902155876796,61,Low
BigCodeBench/919,BigCodeBench,6.033161431077704,118,High
BigCodeBench/920,BigCodeBench,5.40399812257623,55,Low
BigCodeBench/921,BigCodeBench,5.475863388344888,59,Low
BigCodeBench/922,BigCodeBench,7.447822087186726,191,High
BigCodeBench/923,BigCodeBench,5.865024053371215,97,High
BigCodeBench/924,BigCodeBench,5.4258916732552045,62,Low
BigCodeBench/925,BigCodeBench,5.5436599985143795,59,Low
BigCodeBench/926,BigCodeBench,5.833325210755078,76,High
BigCodeBench/927,BigCodeBench,5.631662675023378,72,Low
BigCodeBench/928,BigCodeBench,5.757813548075891,85,High
BigCodeBench/929,BigCodeBench,5.2378148954723525,80,Low
BigCodeBench/930,BigCodeBench,5.722826178067302,97,Low
BigCodeBench/931,BigCodeBench,5.53086529508788,59,Low
BigCodeBench/932,BigCodeBench,5.986410007090979,97,High
BigCodeBench/933,BigCodeBench,5.312431277786542,75,Low
BigCodeBench/934,BigCodeBench,5.628073574293569,63,Low
BigCodeBench/935,BigCodeBench,5.98435844094361,98,High
BigCodeBench/936,BigCodeBench,6.124937936064193,106,High
BigCodeBench/937,BigCodeBench,5.632659765557392,64,Low
BigCodeBench/938,BigCodeBench,5.6613560526283475,70,Low
BigCodeBench/939,BigCodeBench,5.587526851390143,65,Low
BigCodeBench/940,BigCodeBench,5.448394345536403,60,Low
BigCodeBench/941,BigCodeBench,5.988187909263046,91,High
BigCodeBench/942,BigCodeBench,5.957142777383317,87,High
BigCodeBench/943,BigCodeBench,5.679834543697836,65,Low
BigCodeBench/944,BigCodeBench,5.80321448483624,94,High
BigCodeBench/945,BigCodeBench,5.67575050167767,77,Low
BigCodeBench/946,BigCodeBench,5.421622923150522,62,Low
BigCodeBench/947,BigCodeBench,5.729926126901438,66,Low
BigCodeBench/948,BigCodeBench,5.494309137239127,60,Low
BigCodeBench/949,BigCodeBench,5.742371495179855,80,Low
BigCodeBench/950,BigCodeBench,5.810672622327239,74,High
BigCodeBench/951,BigCodeBench,6.229354078869884,133,High
BigCodeBench/952,BigCodeBench,6.404076749949239,113,High
BigCodeBench/953,BigCodeBench,6.521480400383582,172,High
BigCodeBench/954,BigCodeBench,6.21475273669051,133,High
BigCodeBench/955,BigCodeBench,5.9497990333118445,98,High
BigCodeBench/956,BigCodeBench,5.848107644730066,82,High
BigCodeBench/957,BigCodeBench,5.570167316018235,76,Low
BigCodeBench/958,BigCodeBench,5.682907326480828,68,Low
BigCodeBench/959,BigCodeBench,5.564820101298678,84,Low
BigCodeBench/960,BigCodeBench,6.057269124900002,98,High
BigCodeBench/961,BigCodeBench,5.71451343664455,78,Low
BigCodeBench/962,BigCodeBench,6.086401444806622,102,High
BigCodeBench/963,BigCodeBench,5.850569696512251,86,High
BigCodeBench/964,BigCodeBench,6.2421977127586015,123,High
BigCodeBench/965,BigCodeBench,5.768785020246846,79,High
BigCodeBench/966,BigCodeBench,6.299718977749134,140,High
BigCodeBench/967,BigCodeBench,5.776563557249457,86,High
BigCodeBench/968,BigCodeBench,5.730916907236936,82,Low
BigCodeBench/969,BigCodeBench,5.70529993990766,93,Low
BigCodeBench/970,BigCodeBench,6.157825868680677,131,High
BigCodeBench/971,BigCodeBench,6.49124400818726,147,High
BigCodeBench/972,BigCodeBench,6.249108663376781,116,High
BigCodeBench/973,BigCodeBench,6.224257751136203,114,High
BigCodeBench/974,BigCodeBench,5.803657013945118,79,High
BigCodeBench/975,BigCodeBench,5.676733681937773,72,Low
BigCodeBench/976,BigCodeBench,6.385785502894965,118,High
BigCodeBench/977,BigCodeBench,6.052895171985071,123,High
BigCodeBench/978,BigCodeBench,6.2321915725706365,115,High
BigCodeBench/979,BigCodeBench,5.5659432948708,67,Low
BigCodeBench/980,BigCodeBench,5.9421605617718845,107,High
BigCodeBench/981,BigCodeBench,6.404145649045345,152,High
BigCodeBench/982,BigCodeBench,5.5549239313197205,62,Low
BigCodeBench/983,BigCodeBench,5.59168668474718,76,Low
BigCodeBench/984,BigCodeBench,5.709243962438449,82,Low
BigCodeBench/985,BigCodeBench,6.384975753992176,127,High
BigCodeBench/986,BigCodeBench,5.853798394433724,94,High
BigCodeBench/987,BigCodeBench,6.445865651613085,152,High
BigCodeBench/988,BigCodeBench,6.186111814666562,100,High
BigCodeBench/989,BigCodeBench,6.205027646013122,109,High
BigCodeBench/990,BigCodeBench,6.575711422996828,162,High
BigCodeBench/991,BigCodeBench,5.437479278065391,59,Low
BigCodeBench/992,BigCodeBench,5.597276316262597,66,Low
BigCodeBench/993,BigCodeBench,5.676647315177742,92,Low
BigCodeBench/994,BigCodeBench,6.932242879925599,265,High
BigCodeBench/995,BigCodeBench,6.362998026580619,164,High
BigCodeBench/996,BigCodeBench,5.983244068058026,106,High
BigCodeBench/997,BigCodeBench,6.261249851413266,134,High
BigCodeBench/998,BigCodeBench,5.877854381394609,104,High
BigCodeBench/999,BigCodeBench,6.25361517373409,151,High
BigCodeBench/1000,BigCodeBench,5.776946632978612,82,High
BigCodeBench/1001,BigCodeBench,6.063039105031884,124,High
BigCodeBench/1002,BigCodeBench,6.101992886168882,130,High
BigCodeBench/1003,BigCodeBench,6.230284505302496,146,High
BigCodeBench/1004,BigCodeBench,6.402041297329122,153,High
BigCodeBench/1005,BigCodeBench,6.39929037720623,138,High
BigCodeBench/1006,BigCodeBench,6.41071603211676,212,High
BigCodeBench/1007,BigCodeBench,6.650516688289189,225,High
BigCodeBench/1008,BigCodeBench,6.776112975592022,271,High
BigCodeBench/1009,BigCodeBench,6.349270014152907,164,High
BigCodeBench/1010,BigCodeBench,6.41843267884507,167,High
BigCodeBench/1011,BigCodeBench,6.603024071106462,249,High
BigCodeBench/1012,BigCodeBench,6.040483331810944,97,High
BigCodeBench/1013,BigCodeBench,5.661356052628348,70,Low
BigCodeBench/1014,BigCodeBench,6.0612642281951015,135,High
BigCodeBench/1015,BigCodeBench,6.6582879210321755,204,High
BigCodeBench/1016,BigCodeBench,5.991329953630203,107,High
BigCodeBench/1017,BigCodeBench,6.226849608211033,122,High
BigCodeBench/1018,BigCodeBench,6.614223449943067,187,High
BigCodeBench/1019,BigCodeBench,5.964580823785512,104,High
BigCodeBench/1020,BigCodeBench,6.4701088744706565,169,High
BigCodeBench/1021,BigCodeBench,5.603224624936831,92,Low
BigCodeBench/1022,BigCodeBench,6.365823259704024,143,High
BigCodeBench/1023,BigCodeBench,5.629716731737857,98,Low
BigCodeBench/1024,BigCodeBench,6.452351437516073,225,High
BigCodeBench/1025,BigCodeBench,5.439464015923012,64,Low
BigCodeBench/1026,BigCodeBench,6.836445046725621,235,High
BigCodeBench/1027,BigCodeBench,5.587268852932912,92,Low
BigCodeBench/1028,BigCodeBench,6.444789305085023,171,High
BigCodeBench/1029,BigCodeBench,5.719390358784489,74,Low
BigCodeBench/1030,BigCodeBench,5.455525540404618,57,Low
BigCodeBench/1031,BigCodeBench,5.986603549865012,110,High
BigCodeBench/1032,BigCodeBench,6.562137186511914,238,High
BigCodeBench/1033,BigCodeBench,5.879556681001929,112,High
BigCodeBench/1034,BigCodeBench,6.033880007030004,112,High
BigCodeBench/1035,BigCodeBench,5.946613150658982,114,High
BigCodeBench/1036,BigCodeBench,6.179354184471708,125,High
BigCodeBench/1037,BigCodeBench,6.608896604680394,202,High
BigCodeBench/1038,BigCodeBench,5.1981018835465,47,Low
BigCodeBench/1039,BigCodeBench,6.172050516713661,120,High
BigCodeBench/1040,BigCodeBench,5.801086732150264,71,High
BigCodeBench/1041,BigCodeBench,5.884936701431565,107,High
BigCodeBench/1042,BigCodeBench,5.766694577513107,85,High
BigCodeBench/1043,BigCodeBench,6.605564404617878,257,High
BigCodeBench/1044,BigCodeBench,6.322129604847992,134,High
BigCodeBench/1045,BigCodeBench,6.369361250593818,119,High
BigCodeBench/1046,BigCodeBench,5.709832065411107,69,Low
BigCodeBench/1047,BigCodeBench,5.300482839359202,70,Low
BigCodeBench/1048,BigCodeBench,5.294907213485321,55,Low
BigCodeBench/1049,BigCodeBench,6.155542189780415,144,High
BigCodeBench/1050,BigCodeBench,5.9194438241762155,89,High
BigCodeBench/1051,BigCodeBench,6.306551126618396,198,High
BigCodeBench/1052,BigCodeBench,6.4646240872752685,150,High
BigCodeBench/1053,BigCodeBench,6.877842371499224,287,High
BigCodeBench/1054,BigCodeBench,6.634720538255662,249,High
BigCodeBench/1055,BigCodeBench,6.230247035287083,151,High
BigCodeBench/1056,BigCodeBench,6.546897570059507,211,High
BigCodeBench/1057,BigCodeBench,6.319934848792839,148,High
BigCodeBench/1058,BigCodeBench,6.379388151181714,118,High
BigCodeBench/1059,BigCodeBench,6.158834627013138,132,High
BigCodeBench/1060,BigCodeBench,6.211208184973498,268,High
BigCodeBench/1061,BigCodeBench,6.545831101936577,271,High
BigCodeBench/1062,BigCodeBench,6.453812957191633,216,High
BigCodeBench/1063,BigCodeBench,6.04963177208834,111,High
BigCodeBench/1064,BigCodeBench,5.738454502991531,103,Low
BigCodeBench/1065,BigCodeBench,5.385155104141384,66,Low
BigCodeBench/1066,BigCodeBench,6.246820866225476,196,High
BigCodeBench/1067,BigCodeBench,6.374580887827846,138,High
BigCodeBench/1068,BigCodeBench,6.127927355637172,107,High
BigCodeBench/1069,BigCodeBench,5.56038051863499,63,Low
BigCodeBench/1070,BigCodeBench,6.012811324510463,126,High
BigCodeBench/1071,BigCodeBench,6.425811032722598,180,High
BigCodeBench/1072,BigCodeBench,6.182775001469057,151,High
BigCodeBench/1073,BigCodeBench,5.859183719779186,80,High
BigCodeBench/1074,BigCodeBench,6.019858399480921,94,High
BigCodeBench/1075,BigCodeBench,5.9127684967122836,114,High
BigCodeBench/1076,BigCodeBench,6.213276116124427,129,High
BigCodeBench/1077,BigCodeBench,6.091140558425504,161,High
BigCodeBench/1078,BigCodeBench,6.262022304292182,145,High
BigCodeBench/1079,BigCodeBench,6.720412468440174,213,High
BigCodeBench/1080,BigCodeBench,5.691565637785634,63,Low
BigCodeBench/1081,BigCodeBench,6.251458729620215,169,High
BigCodeBench/1082,BigCodeBench,5.945040416462783,111,High
BigCodeBench/1083,BigCodeBench,6.91257925822139,235,High
BigCodeBench/1084,BigCodeBench,6.341773926478575,179,High
BigCodeBench/1085,BigCodeBench,5.7033892848481464,73,Low
BigCodeBench/1086,BigCodeBench,6.040461669394306,126,High
BigCodeBench/1087,BigCodeBench,5.67575050167767,77,Low
BigCodeBench/1088,BigCodeBench,5.632784624056918,70,Low
BigCodeBench/1089,BigCodeBench,5.68111080036001,107,Low
BigCodeBench/1090,BigCodeBench,5.88723203171996,93,High
BigCodeBench/1091,BigCodeBench,5.810498076884446,95,High
BigCodeBench/1092,BigCodeBench,6.126241378204328,94,High
BigCodeBench/1093,BigCodeBench,5.7051099000738725,68,Low
BigCodeBench/1094,BigCodeBench,6.040285256784794,89,High
BigCodeBench/1095,BigCodeBench,5.958947981804087,98,High
BigCodeBench/1096,BigCodeBench,5.691813533095031,76,Low
BigCodeBench/1097,BigCodeBench,7.063617923067646,147,High
BigCodeBench/1098,BigCodeBench,5.713151523938108,59,Low
BigCodeBench/1099,BigCodeBench,7.261768341582018,169,High
BigCodeBench/1100,BigCodeBench,6.194619131003377,187,High
BigCodeBench/1101,BigCodeBench,5.277362795064169,52,Low
BigCodeBench/1102,BigCodeBench,5.240250140927354,62,Low
BigCodeBench/1103,BigCodeBench,5.587526851390143,65,Low
BigCodeBench/1104,BigCodeBench,6.032604663021155,119,High
BigCodeBench/1105,BigCodeBench,5.832062751160491,105,High
BigCodeBench/1106,BigCodeBench,5.506832812961889,65,Low
BigCodeBench/1107,BigCodeBench,5.3943091372391265,60,Low
BigCodeBench/1108,BigCodeBench,5.043295834054491,48,Low
BigCodeBench/1109,BigCodeBench,5.472446216661832,56,Low
BigCodeBench/1110,BigCodeBench,5.293241555435099,58,Low
BigCodeBench/1111,BigCodeBench,6.066478776650145,96,High
BigCodeBench/1112,BigCodeBench,6.0559581516151315,92,High
BigCodeBench/1113,BigCodeBench,5.050340709546387,44,Low
BigCodeBench/1114,BigCodeBench,5.424257330711343,71,Low
BigCodeBench/1115,BigCodeBench,5.327475464579406,59,Low
BigCodeBench/1116,BigCodeBench,5.365609602737005,69,Low
BigCodeBench/1117,BigCodeBench,5.927925706222993,89,High
BigCodeBench/1118,BigCodeBench,5.413909765557392,64,Low
BigCodeBench/1119,BigCodeBench,5.362207072676478,58,Low
BigCodeBench/1120,BigCodeBench,5.956424090154458,88,High
BigCodeBench/1121,BigCodeBench,5.956424090154458,88,High
BigCodeBench/1122,BigCodeBench,5.790223989277814,85,High
BigCodeBench/1123,BigCodeBench,6.072066649215463,124,High
BigCodeBench/1124,BigCodeBench,5.886876494112947,112,High
BigCodeBench/1125,BigCodeBench,5.732983161049545,84,Low
BigCodeBench/1126,BigCodeBench,5.440361758939866,55,Low
BigCodeBench/1127,BigCodeBench,5.624747626002142,80,Low
BigCodeBench/1128,BigCodeBench,5.943964299708046,101,High
BigCodeBench/1129,BigCodeBench,5.979097891134811,104,High
BigCodeBench/1130,BigCodeBench,5.4998288046042525,69,Low
BigCodeBench/1131,BigCodeBench,5.644318263694546,76,Low
BigCodeBench/1132,BigCodeBench,5.599112774170538,84,Low
BigCodeBench/1133,BigCodeBench,5.704987371656209,85,Low
BigCodeBench/1134,BigCodeBench,5.75527950842606,102,High
BigCodeBench/1135,BigCodeBench,5.720008725308061,96,Low
BigCodeBench/1136,BigCodeBench,5.755880995724388,87,High
BigCodeBench/1137,BigCodeBench,5.494309137239127,60,Low
BigCodeBench/1138,BigCodeBench,5.73586309613736,90,Low
BigCodeBench/1139,BigCodeBench,5.838390439830199,107,High
